design	peptide_len	hotspot_positions	chains	interface	relaxed_pdb	af3_iptm	af3_ptm	af3_ranking_score	af3_fraction_disordered	ipsae_binder_peptide	ipsae_bp	ipsae_pb	ipsae_n_contacts	ipsae_d0	mean_pae_bp	mean_pae_contact	af3_chains_in_pae	n_binder_tokens	n_peptide_tokens	n_binder_res	ss_helix_pct	ss_sheet_pct	ss_loop_pct	n_helix	n_sheet	n_loop	dssp_string	cms_p1	cms_p2	cms_p3	cms_p4	cms_p5	cms_p6	cms_p7	cms_p8	cms_p9	cms_peptide_total	cms_hotspot_total	cms_hotspot_p5	n_all_contacts	n_polar_contacts	n_hydrophobic_contacts	n_hbonds	hbond_available	binder_res_in_contact	n_contacts_hotspot_total_all	n_contacts_hotspot_total_polar	n_contacts_hotspot_total_hydro	n_contacts_hotspot_total_hbond	n_saltbridge_hotspot_p5	n_contacts_hotspot_p5_all	n_contacts_hotspot_p5_polar	n_contacts_hotspot_p5_hydro	n_contacts_hotspot_p5_hbond	saltbridge_hotspot_p5_binder_resnums	saltbridge_hotspot_p5_binder_aas	contacts_all_p1	contacts_all_p2	contacts_all_p3	contacts_all_p4	contacts_all_p5	contacts_all_p6	contacts_all_p7	contacts_all_p8	contacts_all_p9	contacts_hbond_p1	contacts_hbond_p2	contacts_hbond_p3	contacts_hbond_p4	contacts_hbond_p5	contacts_hbond_p6	contacts_hbond_p7	contacts_hbond_p8	contacts_hbond_p9	contacts_hydro_p1	contacts_hydro_p2	contacts_hydro_p3	contacts_hydro_p4	contacts_hydro_p5	contacts_hydro_p6	contacts_hydro_p7	contacts_hydro_p8	contacts_hydro_p9	contacts_polar_p1	contacts_polar_p2	contacts_polar_p3	contacts_polar_p4	contacts_polar_p5	contacts_polar_p6	contacts_polar_p7	contacts_polar_p8	contacts_polar_p9	buns_pass	pass_all_bindcraft	buns_delta_unsat	delta_unsatHbonds	surface_hydrophobicity	interface_n_K	interface_n_M	dG_separated	dG_separated/dSASAx100	dSASA_int	dSASA_polar	dSASA_hphobic	hbonds_int	hbond_E_fraction	nres_int	nres_all	packstat	per_residue_energy_int	sc_value	complex_normalized	net_charge	flag_charge_redesign	pass_charge	n_cys	cys_resnums	cys_interface_resnums	flag_cys_redesign	pass_cys	n_interface_fixed	interface_fixed_resnums	pass_all	rosetta_score_before	rosetta_score_after	rosetta_score_delta	binder_length	n_met	n_cys_interface
r1b_273_dldesign_5_on	9	5	A,B,C,D	A_BCD	/workspace/designs/af3_stats_13/relaxed_pdbs/r1b_273_dldesign_5_on_relaxed.pdb	0.76	0.8	0.77	0.02	0.0	0.0	0.0	0	0.5	24.803		A,B,C,D	88	9	88	88.64	0.0	11.36	78	0	10	LHHHHHHHHHHHHHHHHHHHHHHHHHHLLLLHHHHHHHHHHHHHHHHHHHHHHHHLLLLHHHHHHHHHHHHHHHHHHHHHHHHHHHHL	-1.0	-1.0	-1.0	-1.0	-1.0	-1.0	-1.0	-1.0	-1.0	-9.0	-1.0	-1.0	0	0	0	0	True	0	0	0	0	0	0	0	0	0	0	[]	[]	0	0	0	0	0	0	0	0	0	0	0	0	0	0	0	0	0	0	0	0	0	0	0	0	0	0	0	0	0	0	0	0	0	0	0	0	True	True	2.0	2.0	0.5714	1	1	-31.98909568786621	-1.962820291519165	1629.751708984375	653.5906982421875	976.1610107421876	11.0	0.3497516810894012	71.0	473.0	0.6375128030776978	-3.289990186691284	0.359201431274414	-3.3648695945739746	-0.9	True	False	0	[]	[]	False	True	18	[39, 40, 43, 44, 47, 48, 50, 51, 54, 66, 67, 70, 73, 74, 76, 77, 80, 81]	False	916.989	-1591.554	-2508.543	88	1	0
r1b_401_dldesign_7_on	9	5	A,B,C,D	A_BCD	/workspace/designs/af3_stats_13/relaxed_pdbs/r1b_401_dldesign_7_on_relaxed.pdb	0.77	0.81	0.79	0.02	0.0	0.0	0.0	0	0.5	24.1		A,B,C,D	90	9	90	92.22	0.0	7.78	83	0	7	LHHHHHHHHHHHHHHHHHHHHHHHHHHHHHHHHLLHHHHHHHHHHHHHHHHHHHHHHHLLHHHHHHHHHHHHHHHHHHHHHHHHHHHHLL	-1.0	-1.0	-1.0	0.0	0.0	3.4164	11.7329	10.142	0.5784	22.8698	0.0	0.0	1	0	0	0	True	1	0	0	0	0	0	0	0	0	0	[]	[]	0	0	0	0	0	0	0	1	0	0	0	0	0	0	0	0	0	0	0	0	0	0	0	0	0	0	0	0	0	0	0	0	0	0	0	0	True	True	1.0	10.0	0.38	0	0	-26.288631439208984	-2.153691053390503	1220.6314697265625	627.8723754882812	592.7590942382812	4.0	0.1216233074665069	65.0	475.0	0.5952927470207214	-3.130492210388184	0.5808929204940796	-3.377725839614868	-1.0	True	False	0	[]	[]	False	True	15	[40, 44, 47, 48, 51, 52, 74, 75, 78, 81, 82, 85, 86, 88, 89]	False	819.93	-1602.979	-2422.908	90	0	0
r1b_403_dldesign_2_on	9	5	A,B,C,D	A_BCD	/workspace/designs/af3_stats_13/relaxed_pdbs/r1b_403_dldesign_2_on_relaxed.pdb	0.95	0.95	0.96	0.02	0.9353	0.9353	0.8263	839	9.825	2.508	2.415	A,B,C,D	94	9	94	91.49	0.0	8.51	86	0	8	LHHHHHHHHHHHHHHHHHHHHHHHHHHHHHLLLLLHHHHHHHHHHHHHHHHHHHHHHHHHHHHLHHHHHHHHHHHHHHHHHHHHHHHHHHHHHL	9.1877	9.4305	10.2779	48.3316	28.4759	33.0276	38.8974	17.2309	4.1507	199.0103	28.4759	28.4759	12	7	6	1	True	5	2	2	0	0	1	2	2	0	0	[16]	['R']	0	1	1	3	2	2	2	1	0	0	1	0	0	0	0	0	0	0	0	1	0	3	0	0	2	0	0	0	1	0	2	2	1	0	1	0	True	True	3.0	7.0	0.3929	0	0	-67.99663543701172	-2.402482271194458	2830.265869140625	1337.5574951171875	1492.70849609375	17.0	0.3174707293510437	111.0	479.0	0.6230692267417908	-3.495980262756348	0.6154314279556274	-3.4286859035491943	-5.0	False	True	0	[]	[]	False	True	33	[2, 3, 6, 9, 10, 12, 13, 14, 16, 17, 19, 20, 21, 22, 23, 24, 27, 28, 31, 33, 34, 35, 37, 38, 39, 41, 42, 45, 46, 48, 49, 52, 56]	True	920.566	-1642.341	-2562.907	94	0	0
r1b_870_dldesign_2_on	9	5	A,B,C,D	A_BCD	/workspace/designs/af3_stats_13/relaxed_pdbs/r1b_870_dldesign_2_on_relaxed.pdb	0.77	0.81	0.79	0.02	0.0	0.0	0.0	0	0.5	22.789		A,B,C,D	93	9	93	89.25	0.0	10.75	83	0	10	LHHHHHHHHHHHHHHHHHHHHHHHHHHHHLLLHHHHHHHHHHHHHHHHHHHHHHHHHHHLLLLLHHHHHHHHHHHHHHHHHHHHHHHHHHHHL	0.0	-1.0	-1.0	0.0	0.3744	28.9396	34.762	17.2712	6.2454	85.5926	0.3744	0.3744	5	2	2	2	True	4	0	0	0	0	0	0	0	0	0	[]	[]	0	0	0	0	0	2	2	1	0	0	0	0	0	0	1	0	1	0	0	0	0	0	0	0	2	0	0	0	0	0	0	0	1	0	1	0	True	True	2.0	10.0	0.2545	2	0	-33.804588317871094	-1.6936073303222656	1996.0108642578125	941.6083374023438	1054.402587890625	11.0	0.3158662021160126	85.0	478.0	0.6236299872398376	-3.4122347831726074	0.5672041773796082	-3.424526691436768	-3.0	False	True	0	[]	[]	False	True	22	[33, 37, 40, 41, 44, 47, 48, 51, 52, 54, 55, 58, 59, 72, 75, 76, 78, 79, 82, 83, 89, 93]	True	940.647	-1636.924	-2577.57	93	0	0
r3_r1b_273_28_dldesign_0_control_on	9	5	A,B,C,D	A_BCD	/workspace/designs/af3_stats_13/relaxed_pdbs/r3_r1b_273_28_dldesign_0_control_on_relaxed.pdb	0.93	0.95	0.94	0.02	0.8824	0.8824	0.7363	742	9.35	4.145	3.27	A,B,C,D	88	9	88	86.36	0.0	13.64	76	0	12	LHHHHHHHHHHHHHHHHHHHHHHHHHHLLLLHHHHHHHHHHHHHHHHHHHHHHHLLLLLHHHHHHHHHHHHHHHHHHHHHHHHHHHLL	5.8062	0.1582	0.6199	18.3695	13.8797	19.6425	52.5677	12.8435	0.2557	124.1429	13.8797	13.8797	7	3	2	0	True	3	2	2	0	0	1	2	2	0	0	[73]	['R']	0	0	0	0	2	2	2	1	0	0	0	0	0	0	0	0	0	0	0	0	0	0	0	0	2	0	0	0	0	0	0	2	0	0	1	0	True	True	2.0	14.0	0.4909	2	0	-52.05706405639648	-2.576645612716675	2020.3424072265625	918.9979248046876	1101.344482421875	12.0	0.2638330161571502	85.0	473.0	0.5751717686653137	-3.4279894828796387	0.6518505215644836	-3.3623225688934326	-3.0	False	True	0	[]	[]	False	True	25	[40, 43, 44, 46, 47, 50, 51, 53, 54, 55, 58, 59, 60, 62, 63, 64, 66, 67, 70, 73, 74, 77, 78, 80, 81]	True	945.522	-1590.379	-2535.9	88	0	0
r3_r1b_403_65_dldesign_4_on	9	5	A,B,C,D	A_BCD	/workspace/designs/af3_stats_13/relaxed_pdbs/r3_r1b_403_65_dldesign_4_on_relaxed.pdb	0.95	0.95	0.96	0.02	0.9217	0.9217	0.7921	830	9.783	2.885	2.685	A,B,C,D	94	9	94	92.55	0.0	7.45	87	0	7	LHHHHHHHHHHHHHHHHHHHHHHHHHHHHHHLLLLHHHHHHHHHHHHHHHHHHHHHHHHHHHHLHHHHHHHHHHHHHHHHHHHHHHHHHHHHHL	1.2089	0.0	0.0	23.0582	19.1687	36.1475	45.3565	14.0026	4.8447	143.7872	19.1687	19.1687	8	5	3	2	True	4	2	1	0	1	1	2	1	0	1	[16]	['R']	0	0	0	1	2	2	2	1	0	0	0	0	0	1	1	0	0	0	0	0	0	1	0	0	2	0	0	0	0	0	1	1	2	0	1	0	False	False	6.0	15.0	0.4915	0	0	-82.29850006103516	-2.9391441345214844	2800.083740234375	1232.434326171875	1567.6494140625	13.0	0.2062137871980667	104.0	479.0	0.6220067143440247	-3.654743909835816	0.6524308919906616	-3.448402643203736	-3.0	False	True	0	[]	[]	False	True	30	[1, 2, 3, 6, 9, 10, 12, 13, 16, 17, 19, 20, 21, 22, 23, 24, 27, 33, 34, 35, 38, 39, 41, 42, 45, 46, 48, 49, 52, 56]	True	892.307	-1650.721	-2543.028	94	0	0
r3_r1b_403_6_dldesign_6_on	9	5	A,B,C,D	A_BCD	/workspace/designs/af3_stats_13/relaxed_pdbs/r3_r1b_403_6_dldesign_6_on_relaxed.pdb	0.76	0.8	0.78	0.02	0.0	0.0	0.0	0	0.5	23.253		A,B,C,D	94	9	94	92.55	0.0	7.45	87	0	7	LHHHHHHHHHHHHHHHHHHHHHHHHHHHHHHLLLLHHHHHHHHHHHHHHHHHHHHHHHHHHHHLHHHHHHHHHHHHHHHHHHHHHHHHHHHHHL	-1.0	-1.0	-1.0	-1.0	-1.0	-1.0	-1.0	0.0	1.9257	-5.0743	-1.0	-1.0	0	0	0	0	True	0	0	0	0	0	0	0	0	0	0	[]	[]	0	0	0	0	0	0	0	0	0	0	0	0	0	0	0	0	0	0	0	0	0	0	0	0	0	0	0	0	0	0	0	0	0	0	0	0	True	True	2.0	5.0	0.6226	0	0	-29.97624015808105	-2.152108907699585	1392.87744140625	528.0021362304688	864.875244140625	5.0	0.1480301171541214	57.0	479.0	0.5774567127227783	-3.4149303436279297	0.6490451097488403	-3.370047807693481	0.1	True	False	0	[]	[]	False	True	14	[9, 12, 13, 16, 17, 19, 20, 23, 24, 27, 28, 31, 45, 49]	False	910.142	-1614.253	-2524.395	94	0	0
r3_r1b_870_22_dldesign_0_on	9	5	A,B,C,D	A_BCD	/workspace/designs/af3_stats_13/relaxed_pdbs/r3_r1b_870_22_dldesign_0_on_relaxed.pdb	0.76	0.8	0.77	0.02	0.0	0.0	0.0	0	0.5	24.526		A,B,C,D	93	9	93	86.02	0.0	13.98	80	0	13	LLHHHHHHHHHHHHHHHHHHHHHHHHHHLLLLHHHHHHHHHHHHHHHHHHHHHHHHHHHLLLLLHHHHHHHHHHHHHHHHHHHHHHHHHHHLL	-1.0	-1.0	-1.0	0.0	1.8486	36.6862	35.9303	17.881	9.8627	99.2089	1.8486	1.8486	5	3	1	0	True	4	0	0	0	0	0	0	0	0	0	[]	[]	0	0	0	0	0	2	1	1	1	0	0	0	0	0	0	0	0	0	0	0	0	0	0	0	1	0	0	0	0	0	0	0	1	0	1	1	True	True	3.0	10.0	0.6441	1	0	-44.75399398803711	-2.3792929649353027	1880.978759765625	868.0594482421875	1012.9193115234376	11.0	0.2884977161884308	71.0	478.0	0.6778696179389954	-3.385202407836914	0.5721195936203003	-3.30700945854187	0.0	True	False	0	[]	[]	False	True	22	[40, 44, 47, 50, 51, 54, 55, 57, 58, 59, 61, 68, 71, 72, 75, 76, 78, 79, 82, 83, 85, 86]	False	1021.165	-1580.751	-2601.915	93	0	0
r3_r1b_870_22_dldesign_7_on	9	5	A,B,C,D	A_BCD	/workspace/designs/af3_stats_13/relaxed_pdbs/r3_r1b_870_22_dldesign_7_on_relaxed.pdb	0.74	0.79	0.76	0.02	0.0	0.0	0.0	0	0.5	25.066		A,B,C,D	93	9	93	86.02	0.0	13.98	80	0	13	LLHHHHHHHHHHHHHHHHHHHHHHHHHHLLLLHHHHHHHHHHHHHHHHHHHHHHHHHHHLLLLLHHHHHHHHHHHHHHHHHHHHHHHHHHHLL	-1.0	-1.0	-1.0	-1.0	0.0	11.6774	5.8445	2.5289	0.1624	16.2132	0.0	0.0	2	2	0	0	True	2	0	0	0	0	0	0	0	0	0	[]	[]	0	0	0	0	0	2	0	0	0	0	0	0	0	0	0	0	0	0	0	0	0	0	0	0	0	0	0	0	0	0	0	0	2	0	0	0	True	True	0.0	4.0	0.5926	1	0	-35.21051025390625	-2.052463293075561	1715.524658203125	722.53515625	992.989501953125	9.0	0.3392846882343292	67.0	478.0	0.5692970156669617	-3.229736089706421	0.4952302575111389	-3.3473360538482666	-2.0	False	True	0	[]	[]	False	True	15	[44, 51, 54, 55, 57, 58, 59, 61, 75, 76, 78, 79, 82, 83, 86]	True	944.597	-1599.569	-2544.165	93	0	0
r3_r1b_870_64_dldesign_0_on	9	5	A,B,C,D	A_BCD	/workspace/designs/af3_stats_13/relaxed_pdbs/r3_r1b_870_64_dldesign_0_on_relaxed.pdb	0.85	0.87	0.86	0.02	0.4217	0.4217	0.0645	661	8.919	11.341	10.485	A,B,C,D	93	9	93	90.32	0.0	9.68	84	0	9	LHHHHHHHHHHHHHHHHHHHHHHHHHHHHLLLHHHHHHHHHHHHHHHHHHHHHHHHHHHHLLLLHHHHHHHHHHHHHHHHHHHHHHHHHHHHL	-1.0	0.0	0.0	2.0375	1.3837	37.3531	40.108	13.4846	0.0259	93.3927	1.3837	1.3837	5	2	2	0	True	3	0	0	0	0	0	0	0	0	0	[]	[]	0	0	0	0	0	2	2	1	0	0	0	0	0	0	0	0	0	0	0	0	0	0	0	0	2	0	0	0	0	0	0	0	1	0	1	0	True	True	3.0	12.0	0.5263	1	0	-39.43642044067383	-1.9402596950531008	2032.532958984375	847.3828125	1185.150146484375	4.0	0.1119756028056144	86.0	478.0	0.6034678816795349	-3.524073362350464	0.5682536363601685	-3.423478126525879	-7.0	False	True	0	[]	[]	False	True	23	[37, 41, 44, 45, 47, 48, 51, 52, 54, 55, 58, 59, 72, 75, 76, 78, 79, 80, 82, 83, 86, 87, 90]	True	976.581	-1636.423	-2613.004	93	0	0
r3_r1b_870_87_dldesign_2_on	9	5	A,B,C,D	A_BCD	/workspace/designs/af3_stats_13/relaxed_pdbs/r3_r1b_870_87_dldesign_2_on_relaxed.pdb	0.9	0.92	0.92	0.02	0.8219	0.8219	0.7424	816	9.716	4.785	4.485	A,B,C,D	93	9	93	88.17	0.0	11.83	82	0	11	LHHHHHHHHHHHHHHHHHHHHHHHHHHHLLLLHHHHHHHHHHHHHHHHHHHHHHHHHHHLLLLLHHHHHHHHHHHHHHHHHHHHHHHHHHHHL	0.0	0.0691	0.5595	10.0956	23.0575	58.8978	61.5419	14.4093	0.0948	168.7256	23.0575	23.0575	11	6	4	1	True	7	1	1	0	1	1	1	1	0	1	[47]	['R']	0	0	0	0	1	5	4	1	0	0	0	0	0	1	0	0	0	0	0	0	0	0	0	0	4	0	0	0	0	0	0	1	4	0	1	0	False	False	7.0	13.0	0.2414	1	0	-50.96765899658203	-2.178767204284668	2339.2890625	1104.64697265625	1234.64208984375	11.0	0.2137875258922577	85.0	478.0	0.5560022592544556	-3.35522723197937	0.5430293083190918	-3.4456048011779785	-6.0	False	True	0	[]	[]	False	True	22	[37, 41, 44, 47, 48, 51, 52, 54, 55, 72, 75, 76, 78, 79, 80, 82, 83, 86, 87, 89, 90, 93]	True	963.274	-1646.949	-2610.224	93	0	0
r3_r1b_870_87_dldesign_6_on	9	5	A,B,C,D	A_BCD	/workspace/designs/af3_stats_13/relaxed_pdbs/r3_r1b_870_87_dldesign_6_on_relaxed.pdb	0.93	0.94	0.94	0.02	0.8958	0.8958	0.7315	817	9.721	3.538	3.224	A,B,C,D	93	9	93	88.17	0.0	11.83	82	0	11	LHHHHHHHHHHHHHHHHHHHHHHHHHHHHLLLHHHHHHHHHHHHHHHHHHHHHHHHHHHLLLLLHHHHHHHHHHHHHHHHHHHHHHHHHHHLL	0.0	0.0376	0.4015	0.3958	9.8977	36.2748	45.9803	19.1269	1.0942	113.2088	9.8977	9.8977	5	3	1	0	True	4	0	0	0	0	0	0	0	0	0	[]	[]	0	0	0	0	0	2	1	2	0	0	0	0	0	0	0	0	0	0	0	0	0	0	0	0	1	0	0	0	0	0	0	0	1	0	2	0	False	False	6.0	10.0	0.3509	0	0	-42.26166534423828	-2.0928263664245605	2019.3583984375	830.8109741210938	1188.54736328125	9.0	0.2054021805524826	88.0	478.0	0.594078779220581	-3.350947856903076	0.5154155492782593	-3.422338485717773	-9.0	False	True	0	[]	[]	False	True	24	[37, 41, 44, 47, 48, 51, 52, 55, 58, 59, 71, 72, 75, 76, 78, 79, 80, 82, 83, 86, 87, 89, 90, 93]	True	918.107	-1636.059	-2554.166	93	0	0
r3_r1b_870_87_dldesign_7_on	9	5	A,B,C,D	A_BCD	/workspace/designs/af3_stats_13/relaxed_pdbs/r3_r1b_870_87_dldesign_7_on_relaxed.pdb	0.91	0.92	0.92	0.02	0.8101	0.8101	0.6933	812	9.697	5.004	4.683	A,B,C,D	93	9	93	90.32	0.0	9.68	84	0	9	LHHHHHHHHHHHHHHHHHHHHHHHHHHHHLLLHHHHHHHHHHHHHHHHHHHHHHHHHHHHLLLLHHHHHHHHHHHHHHHHHHHHHHHHHHHHL	0.0	0.0132	0.3588	10.5145	15.5189	46.4002	14.5235	0.2204	0.0	87.5494	15.5189	15.5189	7	5	1	1	True	4	2	1	0	1	1	2	1	0	1	[47]	['R']	0	0	0	0	2	4	1	0	0	0	0	0	0	1	0	0	0	0	0	0	0	0	0	0	1	0	0	0	0	0	0	1	3	1	0	0	True	True	2.0	5.0	0.2321	1	0	-42.69048309326172	-2.398232698440552	1780.0809326171875	855.4169921875	924.6639404296876	13.0	0.3451914489269256	67.0	478.0	0.5461964011192322	-3.407316207885742	0.560208797454834	-3.4047462940216064	-1.0	True	False	0	[]	[]	False	True	17	[41, 44, 45, 47, 48, 51, 52, 75, 78, 79, 82, 83, 86, 87, 89, 90, 93]	False	942.68	-1627.466	-2570.146	93	0	0
