round	design	peptide_len	hotspot_positions	chains	interface	relaxed_pdb	af3_iptm	af3_ptm	af3_ranking_score	af3_fraction_disordered	af3_top_seed	af3_top_sample	ipsae_binder_peptide	ipsae_bp	ipsae_pb	ipsae_n_contacts	ipsae_d0	mean_pae_bp	mean_pae_contact	af3_chains_in_pae	n_binder_tokens	n_peptide_tokens	n_binder_res	ss_helix_pct	ss_sheet_pct	ss_loop_pct	n_helix	n_sheet	n_loop	dssp_string	cms_p1	cms_p2	cms_p3	cms_p4	cms_p5	cms_p6	cms_p7	cms_p8	cms_p9	cms_peptide_total	cms_hotspot_total	cms_hotspot_p5	n_all_contacts	n_polar_contacts	n_hydrophobic_contacts	n_hbonds	hbond_available	binder_res_in_contact	n_contacts_hotspot_total_all	n_contacts_hotspot_total_polar	n_contacts_hotspot_total_hydro	n_contacts_hotspot_total_hbond	hotspot_positions.1	cms_hotspot_p5.1	n_saltbridge_hotspot_p5	n_contacts_hotspot_p5_all	n_contacts_hotspot_p5_polar	n_contacts_hotspot_p5_hydro	n_contacts_hotspot_p5_hbond	saltbridge_hotspot_p5_binder_resnums	saltbridge_hotspot_p5_binder_aas	contacts_all_p1	contacts_all_p2	contacts_all_p3	contacts_all_p4	contacts_all_p5	contacts_all_p6	contacts_all_p7	contacts_all_p8	contacts_all_p9	contacts_hbond_p1	contacts_hbond_p2	contacts_hbond_p3	contacts_hbond_p4	contacts_hbond_p5	contacts_hbond_p6	contacts_hbond_p7	contacts_hbond_p8	contacts_hbond_p9	contacts_hydro_p1	contacts_hydro_p2	contacts_hydro_p3	contacts_hydro_p4	contacts_hydro_p5	contacts_hydro_p6	contacts_hydro_p7	contacts_hydro_p8	contacts_hydro_p9	contacts_polar_p1	contacts_polar_p2	contacts_polar_p3	contacts_polar_p4	contacts_polar_p5	contacts_polar_p6	contacts_polar_p7	contacts_polar_p8	contacts_polar_p9	buns_pass	pass_all_bindcraft	buns_delta_unsat	delta_unsatHbonds	surface_hydrophobicity	interface_n_K	interface_n_M	dG_separated	dG_separated/dSASAx100	dSASA_int	dSASA_polar	dSASA_hphobic	hbonds_int	hbond_E_fraction	nres_int	nres_all	packstat	per_residue_energy_int	sc_value	complex_normalized	net_charge	flag_charge_redesign	pass_charge	n_cys	cys_resnums	cys_interface_resnums	flag_cys_redesign	pass_cys	n_interface_fixed	interface_fixed_resnums	pass_all	rosetta_score_before	rosetta_score_after	rosetta_score_delta	binder_length	n_met	n_cys_interface	n_contacts_hotspot_p5_polar_sidechain	n_contacts_hotspot_p5_polar_bb_only	n_contacts_hotspot_p5_hbond_sidechain	n_contacts_hotspot_total_polar_sidechain	n_contacts_hotspot_total_hbond_sidechain	n_saltbridge_hotspot_total
r2	orient_252_pt20__31_sample06	9	5	A,B,C,D	A_BCD	/Users/yilanwang/Desktop/pmhc_binder_kras/post_filter/outputs/r2/fastrelax_af3_nomsa/relaxed_pdbs/orient_252_pt20__31_sample06_relaxed.pdb			0.9532928154984835		3.0	0.0	0.9236	0.9236	0.7705	855.0	9.9	3.012	2.728	A,B,C,D	97.0	9.0	97	93.81	0.0	6.19	91	0	6	LHHHHHHHHHHHHHHHHHHHHHHHHHHHHHHHLHHHHHHHHHHHHHHHHHHHHHHHHHHHHHHHLLHHHHHHHHHHHHHHHHHHHHHHHHHHHHHLL	0.9797	0.0	0.0082	17.7827	45.4415	21.3954	49.6728	26.8319	20.1681	182.2804	45.4415	45.4415	12	6	4	1	True	8	3	2	0	1	5	45.4415	0	3	2	0	1	[]	[]	0	0	0	1	3	2	3	2	1	0	0	0	0	1	0	0	0	0	0	0	0	1	0	0	3	0	0	0	0	0	0	2	1	0	2	1	False	False	4.0	11.0	0.2143	2	0	-67.60545349121094	-2.365762710571289	2857.65966796875	1199.6519775390625	1658.0078125	17.0	0.3020799160003662	113.0	481.0	0.6073462963104248	-3.602600336074829	0.6136690378189087	-3.475492000579834	-1.9	True	False	0	[]	[]	False	True	35	[1, 4, 7, 8, 11, 12, 14, 15, 18, 19, 21, 22, 23, 25, 26, 28, 29, 31, 32, 33, 36, 38, 39, 40, 42, 43, 45, 46, 47, 49, 50, 52, 53, 54, 57]	False	792.509	-1671.477	-2463.986	97	0	0	2	0	1	2	1	0
r2	orient_255_pt12__27_sample02	9	5	A,B,C,D	A_BCD	/Users/yilanwang/Desktop/pmhc_binder_kras/post_filter/outputs/r2/fastrelax_af3_nomsa/relaxed_pdbs/orient_255_pt12__27_sample02_relaxed.pdb			0.9256759031304987		2.0	0.0	0.8524	0.8524	0.704	825.0	9.759	4.141	3.964	A,B,C,D	93.0	9.0	93	93.55	0.0	6.45	87	0	6	LHHHHHHHHHHHHHHHHHHHHHHHHHHHHHHHHLLLLHHHHHHHHHHHHHHHHHHHHHHHHHHHHHHHHHHHHHHHHHHHHHHHHHHHHHHHL	-1.0	-1.0	0.0	14.2288	49.4343	10.9242	21.4854	19.0463	2.0401	115.1591	49.4343	49.4343	7	6	1	1	True	4	3	3	0	1	5	49.4343	1	3	3	0	1	[49]	['R']	0	0	0	0	3	1	1	2	0	0	0	0	0	1	0	0	0	0	0	0	0	0	0	0	1	0	0	0	0	0	0	3	1	0	2	0	True	True	2.0	4.0	0.3621	0	0	-61.90214538574219	-2.865142345428467	2160.52587890625	965.6338500976562	1194.89208984375	12.0	0.1737889647483825	88.0	477.0	0.5791349411010742	-3.456050157546997	0.5663764476776123	-3.345242500305176	-6.0	False	True	0	[]	[]	False	True	26	[38, 42, 43, 45, 46, 49, 50, 53, 56, 57, 60, 61, 64, 74, 75, 78, 79, 81, 82, 84, 85, 86, 88, 89, 92, 93]	True	812.344	-1595.532	-2407.876	93	1	0	3	0	1	3	1	1
r2	orient_255_pt12__2_sample08	9	5	A,B,C,D	A_BCD	/Users/yilanwang/Desktop/pmhc_binder_kras/post_filter/outputs/r2/fastrelax_af3_nomsa/relaxed_pdbs/orient_255_pt12__2_sample08_relaxed.pdb			0.9445447603513822		2.0	4.0	0.8861	0.8861	0.7719	825.0	9.759	3.545	3.355	A,B,C,D	93.0	9.0	93	95.7	0.0	4.3	89	0	4	LHHHHHHHHHHHHHHHHHHHHHHHHHHHHHHHHLHHHHHHHHHHHHHHHHHHHHHHHHHHHHHHHHLHHHHHHHHHHHHHHHHHHHHHHHHHL	-1.0	-1.0	0.0	9.8638	39.7175	20.4615	33.0343	11.1855	4.1727	116.4353	39.7175	39.7175	8	2	3	0	True	6	3	1	0	0	5	39.7175	1	3	1	0	0	[49]	['K']	0	0	0	1	3	2	2	0	0	0	0	0	0	0	0	0	0	0	0	0	0	1	0	0	2	0	0	0	0	0	0	1	1	0	0	0	False	False	4.0	7.0	0.3091	2	0	-62.651588439941406	-2.887800455093384	2169.5263671875	827.6814575195312	1341.8448486328125	8.0	0.1169260963797569	90.0	477.0	0.6236551403999329	-3.5662405490875244	0.6071657538414001	-3.400455951690674	2.0	True	False	0	[]	[]	False	True	25	[38, 42, 43, 45, 46, 49, 50, 52, 53, 56, 57, 60, 75, 78, 79, 80, 81, 82, 83, 85, 86, 88, 89, 92, 93]	False	870.427	-1621.954	-2492.381	93	2	0	1	0	0	1	0	1
r2	orient_255_pt12__31_sample04	9	5	A,B,C,D	A_BCD	/Users/yilanwang/Desktop/pmhc_binder_kras/post_filter/outputs/r2/fastrelax_af3_nomsa/relaxed_pdbs/orient_255_pt12__31_sample04_relaxed.pdb																	93	96.77	0.0	3.23	90	0	3	LHHHHHHHHHHHHHHHHHHHHHHHHHHHHHHHHLHHHHHHHHHHHHHHHHHHHHHHHHHHHHHHHHHHHHHHHHHHHHHHHHHHHHHHHHHHL	-1.0	-1.0	0.0	14.2933	46.5022	18.6384	44.5877	15.6125	2.8024	140.4366	46.5022	46.5022	9	4	3	0	True	6	3	2	0	0	5	46.5022	1	3	2	0	0	[49]	['K']	0	0	0	1	3	2	2	1	0	0	0	0	0	0	0	0	0	0	0	0	0	1	0	0	2	0	0	0	0	0	0	2	1	0	1	0	True	True	1.0	2.0	0.5345	1	0	-63.75080108642578	-3.0606155395507812	2082.9404296875	801.1887817382812	1281.7515869140625	11.0	0.179326593875885	92.0	477.0	0.5880489349365234	-3.5696864128112793	0.574047863483429	-3.426563262939453	-7.0	False	True	0	[]	[]	False	True	26	[38, 39, 42, 43, 45, 46, 49, 50, 53, 56, 57, 60, 61, 64, 75, 78, 79, 81, 82, 83, 85, 86, 88, 89, 92, 93]	True	761.088	-1634.47	-2395.558	93	2	0	1	1	0	1	0	1
r2	orient_255_pt12__33_sample07	9	5	A,B,C,D	A_BCD	/Users/yilanwang/Desktop/pmhc_binder_kras/post_filter/outputs/r2/fastrelax_af3_nomsa/relaxed_pdbs/orient_255_pt12__33_sample07_relaxed.pdb			0.9602276068361696		1.0	2.0	0.9264	0.9264	0.8603	827.0	9.768	2.781	2.637	A,B,C,D	93.0	9.0	93	91.4	0.0	8.6	85	0	8	LHHHHHHHHHHHHHHHHHHHHHHHHHHHHHHHHLHHHHHHHHHHHHHHHHHHHHHHHHHHHHHHHLLLLLHHHHHHHHHHHHHHHHHHHHHHL	-1.0	-1.0	0.0	9.0737	30.494	33.9021	48.7228	19.6751	3.2937	143.1614	30.494	30.494	9	6	3	3	True	5	2	2	0	3	5	30.494	2	2	2	0	3	[45, 49]	['R']	0	0	0	0	2	2	3	2	0	0	0	0	0	3	0	0	0	0	0	0	0	0	0	0	3	0	0	0	0	0	0	2	2	0	2	0	True	True	1.0	8.0	0.4211	0	0	-59.28654098510742	-2.640462636947632	2245.308837890625	979.0253295898438	1266.2835693359375	12.0	0.2048337757587433	88.0	477.0	0.5681010484695435	-3.441387414932251	0.5654031038284302	-3.396378993988037	-10.0	False	True	0	[]	[]	False	True	28	[38, 39, 42, 43, 45, 46, 49, 50, 52, 53, 56, 57, 60, 61, 64, 75, 78, 79, 80, 81, 82, 83, 85, 86, 88, 89, 92, 93]	True	925.888	-1620.07	-2545.958	93	2	0	2	0	3	2	3	2
r2	orient_255_pt12__46_sample01	9	5	A,B,C,D	A_BCD	/Users/yilanwang/Desktop/pmhc_binder_kras/post_filter/outputs/r2/fastrelax_af3_nomsa/relaxed_pdbs/orient_255_pt12__46_sample01_relaxed.pdb																	93	95.7	0.0	4.3	89	0	4	LHHHHHHHHHHHHHHHHHHHHHHHHHHHHHHHHLHHHHHHHHHHHHHHHHHHHHHHHHHHHHHHHHLHHHHHHHHHHHHHHHHHHHHHHHHHL	-1.0	0.0	0.0	15.7763	44.4291	18.0177	42.6609	15.4551	3.997	139.3361	44.4291	44.4291	8	3	3	1	True	6	3	2	0	1	5	44.4291	1	3	2	0	1	[49]	['K']	0	0	0	1	3	1	2	1	0	0	0	0	0	1	0	0	0	0	0	0	0	1	0	0	2	0	0	0	0	0	0	2	0	0	1	0	True	True	3.0	6.0	0.339	2	0	-65.4781723022461	-2.868920087814331	2282.328369140625	1053.3316650390625	1228.9967041015625	10.0	0.176601842045784	95.0	477.0	0.5318652391433716	-3.3743364810943604	0.5656712651252747	-3.3940677642822266	-5.0	False	True	1	[52]	[52]	True	False	26	[38, 39, 42, 43, 45, 46, 49, 50, 53, 56, 57, 60, 64, 74, 75, 78, 79, 81, 82, 83, 85, 86, 88, 89, 92, 93]	False	780.585	-1618.97	-2399.556	93	1	1	1	1	1	1	1	1
r2	orient_255_pt12__53_sample03	9	5	A,B,C,D	A_BCD	/Users/yilanwang/Desktop/pmhc_binder_kras/post_filter/outputs/r2/fastrelax_af3_nomsa/relaxed_pdbs/orient_255_pt12__53_sample03_relaxed.pdb																	93	92.47	0.0	7.53	86	0	7	LHHHHHHHHHHHHHHHHHHHHHHHHHHHHHHHHLLLLHHHHHHHHHHHHHHHHHHHHHHHHHHHHHLHHHHHHHHHHHHHHHHHHHHHHHHHL	-1.0	-1.0	-1.0	6.5842	38.4374	21.4383	24.7658	12.347	1.1821	101.7548	38.4374	38.4374	6	3	1	2	True	4	3	1	0	2	5	38.4374	1	3	1	0	2	[49]	['R']	0	0	0	0	3	1	1	1	0	0	0	0	0	2	0	0	0	0	0	0	0	0	0	0	1	0	0	0	0	0	0	1	1	0	1	0	True	True	3.0	7.0	0.4138	0	0	-58.33180618286133	-2.7199556827545166	2144.586669921875	756.3718872070312	1388.21484375	10.0	0.1879865974187851	92.0	477.0	0.6095244288444519	-3.48958420753479	0.5354082584381104	-3.3996593952178955	-6.0	False	True	0	[]	[]	False	True	27	[38, 42, 43, 45, 46, 49, 50, 53, 56, 57, 60, 61, 64, 74, 75, 78, 79, 80, 81, 82, 83, 85, 86, 88, 89, 92, 93]	True	758.519	-1621.638	-2380.156	93	2	0	1	0	2	1	2	1
r2	orient_255_pt12__70_sample02	9	5	A,B,C,D	A_BCD	/Users/yilanwang/Desktop/pmhc_binder_kras/post_filter/outputs/r2/fastrelax_af3_nomsa/relaxed_pdbs/orient_255_pt12__70_sample02_relaxed.pdb			0.9574011866741666		1.0	3.0	0.9275	0.9275	0.873	828.0	9.773	2.708	2.55	A,B,C,D	93.0	9.0	93	91.4	0.0	8.6	85	0	8	LHHHHHHHHHHHHHHHHHHHHHHHHHHHHHHHHLHHHHHHHHHHHHHHHHHHHHHHHHHHHHHHHHLLHHHHHHHHHHHHHHHHHHHHHLLLL	-1.0	0.0	0.0015	17.8742	35.2601	23.7881	43.4851	18.8069	2.4151	140.631	35.2601	35.2601	9	4	4	2	True	6	2	2	0	2	5	35.2601	2	2	2	0	2	[45, 49]	['R']	0	0	0	2	2	2	2	1	0	0	0	0	0	2	0	0	0	0	0	0	0	2	0	0	2	0	0	0	0	0	0	2	1	0	1	0	False	False	4.0	13.0	0.5818	1	0	-60.64974594116211	-2.7796413898468018	2181.927001953125	938.3924560546876	1243.53466796875	9.0	0.1557015627622604	88.0	477.0	0.6093514561653137	-3.45455002784729	0.6469023823738098	-3.3751749992370605	-6.0	False	True	1	[89]	[89]	True	False	27	[38, 42, 43, 45, 46, 49, 50, 53, 56, 57, 60, 61, 64, 74, 75, 78, 79, 80, 81, 82, 83, 85, 86, 89, 90, 92, 93]	False	843.785	-1609.958	-2453.743	93	0	1	2	0	2	2	2	2
r2	orient_255_pt12__8_sample02	9	5	A,B,C,D	A_BCD	/Users/yilanwang/Desktop/pmhc_binder_kras/post_filter/outputs/r2/fastrelax_af3_nomsa/relaxed_pdbs/orient_255_pt12__8_sample02_relaxed.pdb			0.9371332850815204		1.0	2.0	0.8635	0.8635	0.7146	810.0	9.687	4.158	3.731	A,B,C,D	93.0	9.0	93	92.47	0.0	7.53	86	0	7	LHHHHHHHHHHHHHHHHHHHHHHHHHHHHHHHHLLLLHHHHHHHHHHHHHHHHHHHHHHHHHHHHHLHHHHHHHHHHHHHHHHHHHHHHHHHL	-1.0	0.0	0.0	3.4182	45.8363	22.557	40.2863	18.652	2.1454	131.8951	45.8363	45.8363	9	6	2	4	True	5	4	2	0	2	5	45.8363	1	4	2	0	2	[49]	['R']	0	0	0	0	4	2	2	1	0	0	0	0	0	2	1	1	0	0	0	0	0	0	0	0	2	0	0	0	0	0	0	2	2	1	1	0	True	True	3.0	7.0	0.4821	1	0	-57.404762268066406	-2.7939727306365967	2054.5927734375	895.6051635742188	1158.987548828125	12.0	0.1872684806585312	87.0	477.0	0.6462641954421997	-3.684964179992676	0.6399766206741333	-3.4004099369049072	-3.0	False	True	0	[]	[]	False	True	26	[38, 39, 42, 45, 46, 49, 50, 52, 53, 56, 57, 60, 61, 74, 75, 78, 79, 80, 81, 82, 83, 85, 86, 89, 92, 93]	True	936.127	-1621.406	-2557.533	93	1	0	1	1	2	1	2	1
r2	orient_255_pt12__91_sample04	9	5	A,B,C,D	A_BCD	/Users/yilanwang/Desktop/pmhc_binder_kras/post_filter/outputs/r2/fastrelax_af3_nomsa/relaxed_pdbs/orient_255_pt12__91_sample04_relaxed.pdb			0.9306489853024584		3.0	4.0	0.857	0.857	0.7257	827.0	9.768	4.079	3.897	A,B,C,D	93.0	9.0	93	92.47	0.0	7.53	86	0	7	LHHHHHHHHHHHHHHHHHHHHHHHHHHHHHHHHLLLLHHHHHHHHHHHHHHHHHHHHHHHHHHHHHLHHHHHHHHHHHHHHHHHHHHHHHHHL	-1.0	-1.0	0.0	17.3776	28.1438	22.7444	33.0745	20.7503	0.5631	120.6537	28.1438	28.1438	9	5	3	3	True	4	2	1	0	2	5	28.1438	1	2	1	0	2	[90]	['K']	0	0	0	1	2	2	2	2	0	0	0	0	0	2	1	0	0	0	0	0	0	1	0	0	2	0	0	0	0	0	1	1	1	0	2	0	True	True	3.0	4.0	0.3276	2	0	-66.8149642944336	-2.9660112857818604	2252.6875	926.519775390625	1326.167724609375	9.0	0.1866229176521301	91.0	477.0	0.6399087309837341	-3.5914859771728516	0.561917245388031	-3.420987129211426	-8.0	False	True	0	[]	[]	False	True	30	[35, 36, 38, 41, 42, 43, 45, 46, 49, 50, 53, 56, 57, 60, 64, 74, 75, 78, 79, 80, 81, 82, 83, 85, 86, 88, 89, 90, 92, 93]	True	745.429	-1631.811	-2377.24	93	1	0	1	0	2	1	2	1
r2	orient_34_pt12__67_sample01	9	5	A,B,C,D	A_BCD	/Users/yilanwang/Desktop/pmhc_binder_kras/post_filter/outputs/r2/fastrelax_af3_nomsa/relaxed_pdbs/orient_34_pt12__67_sample01_relaxed.pdb			0.956603293421384		1.0	2.0	0.9343	0.9343	0.8493	823.0	9.749	2.708	2.453	A,B,C,D	93.0	9.0	93	93.55	0.0	6.45	87	0	6	LHHHHHHHHHHHHHHHHHHHHHHHHHHHHLLHHHHHHHHHHHHHHHHHHHHHHHHHHHLHHHHHHHHHHHHHHHHHHHHHHHHHHHHHHHHLL	-1.0	-1.0	0.0	16.2516	54.1404	14.9978	40.8031	13.3228	0.9311	138.4467	54.1404	54.1404	9	4	4	4	True	5	3	3	0	4	5	54.1404	1	3	3	0	4	[16]	['K']	0	0	0	1	3	1	3	1	0	0	0	0	0	4	0	0	0	0	0	0	0	1	0	0	3	0	0	0	0	0	0	3	0	0	1	0	True	True	1.0	6.0	0.4107	2	0	-60.16232681274414	-2.763404130935669	2177.109130859375	993.0140380859376	1184.0950927734375	12.0	0.221170112490654	100.0	477.0	0.5818891525268555	-3.5541346073150635	0.5840364694595337	-3.4014527797698975	-3.0	False	True	0	[]	[]	False	True	28	[5, 8, 9, 11, 12, 15, 16, 18, 19, 21, 22, 23, 26, 33, 34, 36, 37, 38, 40, 41, 44, 45, 47, 48, 51, 52, 55, 56]	True	904.762	-1622.347	-2527.109	93	0	0	2	1	3	2	3	1
r2.5	orient_255_pt12_33_sample04_a1_t01_s5	9	5	A,B,C,D	A_BCD	/Users/yilanwang/Desktop/pmhc_binder_kras/post_filter/outputs/r2.5/fastrelax_af3_nomsa/relaxed_pdbs/orient_255_pt12_33_sample04_a1_t01_s5_relaxed.pdb	0.93	0.93	0.94	0.02			0.904	0.904	0.7692	826.0	9.764	3.278	3.068	A,B,C,D	93.0	9.0	93	88.17	0.0	11.83	82	0	11	LHHHHHHHHHHHHHHHHHHHHHHHHHHHHHHHHLLLLHHHHHHHHHHHHHHHHHHHHHHHHHHHHLLLLLHHHHHHHHHHHHHHHHHHHHHHL	1.0787	5.2262	4.9252	28.0691	56.9952	27.9136	45.9676	27.111	5.5803	202.8669	56.9952	56.9952	12	6	4	1	True	6	4	2	0	1	5	56.9952	1	4	2	0	1	[49]	['R']	0	1	0	1	4	2	2	2	0	0	0	0	0	1	0	0	0	0	0	1	0	1	0	0	2	0	0	0	1	0	0	2	1	0	2	0	False	False	4.0	8.0	0.3276	1	0	-60.05063247680664	-2.3885533809661865	2514.1005859375	1036.3878173828125	1477.712890625	10.0	0.1503692120313644	93.0	477.0	0.6056939363479614	-3.407289981842041	0.6251088380813599	-3.416731595993042	-4.0	False	True	0	[]	[]	False	True	26	[38, 42, 43, 45, 46, 49, 50, 53, 56, 57, 60, 61, 74, 75, 78, 79, 80, 81, 82, 83, 85, 86, 89, 90, 92, 93]	True	805.812	-1629.751	-2435.563	93	0	0	1	1	1	1	1	1
r2.5	orient_255_pt12_33_sample06_a1_t01_s2	9	5	A,B,C,D	A_BCD	/Users/yilanwang/Desktop/pmhc_binder_kras/post_filter/outputs/r2.5/fastrelax_af3_nomsa/relaxed_pdbs/orient_255_pt12_33_sample06_a1_t01_s2_relaxed.pdb	0.94	0.95	0.95	0.02			0.9112	0.9112	0.8602	828.0	9.773	3.043	2.914	A,B,C,D	93.0	9.0	93	92.47	0.0	7.53	86	0	7	LHHHHHHHHHHHHHHHHHHHHHHHHHHHHHHHHLHHHHHHHHHHHHHHHHHHHHHHHHHHHHHHHHLLLLHHHHHHHHHHHHHHHHHHHHHHL	-1.0	0.0	0.0002	18.0491	28.6246	22.3439	44.3896	19.1285	5.0844	136.6204	28.6246	28.6246	7	4	3	2	True	4	1	1	0	1	5	28.6246	1	1	1	0	1	[49]	['R']	0	0	0	1	1	1	2	2	0	0	0	0	0	1	1	0	0	0	0	0	0	1	0	0	2	0	0	0	0	0	0	1	1	0	2	0	True	True	1.0	10.0	0.5667	0	0	-66.54857635498047	-2.809356689453125	2368.819091796875	909.497314453125	1459.3218994140625	9.0	0.1508411318063736	92.0	477.0	0.6354343295097351	-3.410799741744995	0.6301310062408447	-3.367994546890259	-8.0	False	True	0	[]	[]	False	True	28	[38, 39, 42, 43, 45, 46, 49, 50, 53, 56, 57, 60, 61, 64, 74, 75, 78, 79, 80, 81, 82, 83, 85, 86, 89, 90, 92, 93]	True	830.183	-1606.53	-2436.713	93	0	0	1	0	1	1	1	1
r2.5	orient_255_pt12_33_sample06_a1_t01_s4	9	5	A,B,C,D	A_BCD	/Users/yilanwang/Desktop/pmhc_binder_kras/post_filter/outputs/r2.5/fastrelax_af3_nomsa/relaxed_pdbs/orient_255_pt12_33_sample06_a1_t01_s4_relaxed.pdb	0.94	0.94	0.95	0.02			0.9328	0.9328	0.827	829.0	9.778	2.609	2.496	A,B,C,D	93.0	9.0	93	91.4	0.0	8.6	85	0	8	LHHHHHHHHHHHHHHHHHHHHHHHHHHHHHHHHLHHHHHHHHHHHHHHHHHHHHHHHHHHHHHHHLLLLLHHHHHHHHHHHHHHHHHHHHHHL	-1.0	0.0052	0.6729	23.2095	50.4442	31.9047	46.8706	20.0398	2.7397	174.8866	50.4442	50.4442	10	4	4	3	True	7	3	2	0	3	5	50.4442	2	3	2	0	3	[45, 49]	['R']	0	0	0	1	3	2	3	1	0	0	0	0	0	3	0	0	0	0	0	0	0	1	0	0	3	0	0	0	0	0	0	2	1	0	1	0	True	True	3.0	10.0	0.5789	0	0	-72.3478775024414	-3.2705283164978027	2212.115966796875	901.277099609375	1310.8388671875	14.0	0.2127892524003982	84.0	477.0	0.5927879810333252	-3.5483474731445312	0.645283579826355	-3.425541639328003	-5.0	False	True	0	[]	[]	False	True	27	[38, 39, 42, 43, 46, 49, 50, 53, 56, 57, 60, 61, 64, 74, 75, 78, 79, 80, 81, 82, 83, 85, 86, 89, 90, 92, 93]	True	821.518	-1633.983	-2455.502	93	0	0	2	0	3	2	3	2
r2.5	orient_255_pt12_33_sample06_a2_t01_s7	9	5	A,B,C,D	A_BCD	/Users/yilanwang/Desktop/pmhc_binder_kras/post_filter/outputs/r2.5/fastrelax_af3_nomsa/relaxed_pdbs/orient_255_pt12_33_sample06_a2_t01_s7_relaxed.pdb	0.94	0.94	0.95	0.02			0.9111	0.9111	0.7993	828.0	9.773	3.05	2.907	A,B,C,D	93.0	9.0	93	91.4	0.0	8.6	85	0	8	LHHHHHHHHHHHHHHHHHHHHHHHHHHHHHHHHLHHHHHHHHHHHHHHHHHHHHHHHHHHHHHHHLLLLLHHHHHHHHHHHHHHHHHHHHHHL	-1.0	0.0	0.0074	20.5626	50.178	30.2275	48.8578	22.0098	2.1472	172.9902	50.178	50.178	10	6	3	6	True	6	2	2	0	6	5	50.178	2	2	2	0	6	[45, 49]	['R']	0	0	0	1	2	3	2	2	0	0	0	0	0	6	0	0	0	0	0	0	0	1	0	0	2	0	0	0	0	0	0	2	2	0	2	0	True	True	1.0	7.0	0.5517	0	0	-66.59326171875	-3.0741307735443115	2166.246826171875	798.8436279296875	1367.403076171875	12.0	0.1874998956918716	88.0	477.0	0.6321142911911011	-3.4315197467803955	0.6023861169815063	-3.389599561691284	-7.0	False	True	0	[]	[]	False	True	27	[38, 39, 42, 45, 46, 49, 50, 52, 53, 56, 57, 60, 61, 74, 75, 78, 79, 80, 81, 82, 83, 85, 86, 89, 90, 92, 93]	True	780.429	-1616.364	-2396.794	93	0	0	2	0	5	2	5	2
r2.5	orient_255_pt12_70_sample02_a18_t015_s5	9	5	A,B,C,D	A_BCD	/Users/yilanwang/Desktop/pmhc_binder_kras/post_filter/outputs/r2.5/fastrelax_af3_nomsa/relaxed_pdbs/orient_255_pt12_70_sample02_a18_t015_s5_relaxed.pdb	0.95	0.95	0.96	0.02			0.9377	0.9377	0.8752	828.0	9.773	2.527	2.372	A,B,C,D	93.0	9.0	93	88.17	0.0	11.83	82	0	11	LHHHHHHHHHHHHHHHHHHHHHHHHHHHHHHHHLLLLHHHHHHHHHHHHHHHHHHHHHHHHHHHHHLLLLHHHHHHHHHHHHHHHHHHHHHLL	-1.0	0.0	0.0131	18.8752	32.4257	12.8976	41.2943	19.5451	3.1471	127.1981	32.4257	32.4257	9	5	4	5	True	5	2	2	0	4	5	32.4257	2	2	2	0	4	[45, 49]	['R']	0	0	0	2	2	1	2	2	0	0	0	0	0	4	1	0	0	0	0	0	0	2	0	0	2	0	0	0	0	0	0	2	1	0	2	0	True	True	3.0	13.0	0.6	1	0	-58.06557846069336	-2.5575079917907715	2270.396728515625	991.8467407226562	1278.550048828125	7.0	0.1181958690285682	91.0	477.0	0.6404032707214355	-3.4544694423675537	0.6155397891998291	-3.412290334701538	-7.0	False	True	0	[]	[]	False	True	29	[38, 39, 42, 43, 46, 49, 50, 52, 53, 56, 57, 60, 61, 64, 74, 75, 78, 79, 80, 81, 82, 83, 84, 85, 86, 88, 89, 92, 93]	True	943.187	-1627.662	-2570.85	93	0	0	2	0	4	2	4	2
r2.5	orient_255_pt12_70_sample02_a4_t01_s3	9	5	A,B,C,D	A_BCD	/Users/yilanwang/Desktop/pmhc_binder_kras/post_filter/outputs/r2.5/fastrelax_af3_nomsa/relaxed_pdbs/orient_255_pt12_70_sample02_a4_t01_s3_relaxed.pdb	0.95	0.95	0.96	0.02			0.9373	0.9373	0.8807	828.0	9.773	2.539	2.386	A,B,C,D	93.0	9.0	93	91.4	0.0	8.6	85	0	8	LHHHHHHHHHHHHHHHHHHHHHHHHHHHHHHHHLHHHHHHHHHHHHHHHHHHHHHHHHHHHHHHHHLLLLHHHHHHHHHHHHHHHHHHLHHHL	-1.0	-1.0	-1.0	3.5595	26.7358	12.0674	35.0756	17.5642	3.1362	95.1388	26.7358	26.7358	5	4	1	2	True	3	2	2	0	2	5	26.7358	2	2	2	0	2	[45, 49]	['R']	0	0	0	0	2	1	1	1	0	0	0	0	0	2	0	0	0	0	0	0	0	0	0	0	1	0	0	0	0	0	0	2	1	0	1	0	False	False	4.0	11.0	0.537	1	0	-51.784461975097656	-2.3821208477020264	2173.880615234375	999.8016967773438	1174.078857421875	8.0	0.1399366408586502	79.0	477.0	0.645903468132019	-3.323498249053955	0.6385557055473328	-3.398418664932251	-5.0	False	True	0	[]	[]	False	True	26	[38, 42, 45, 46, 49, 50, 52, 53, 56, 57, 60, 61, 64, 74, 75, 78, 79, 80, 81, 82, 83, 85, 86, 89, 92, 93]	True	881.46	-1620.935	-2502.395	93	0	0	2	0	2	2	2	2
r3	orient_252_pt20_31_pt12_72_a8_t01_s6	9	5	A,B,C,D	A_BCD	/Users/yilanwang/Desktop/pmhc_binder_kras/post_filter/outputs/r3/fastrelax_af3_nomsa/relaxed_pdbs/orient_252_pt20_31_pt12_72_a8_t01_s6_relaxed.pdb	0.93	0.93	0.94	0.02			0.8778	0.8778	0.7324	854.0	9.895	3.932	3.613	A,B,C,D	97.0	9.0	97	93.81	0.0	6.19	91	0	6	LHHHHHHHHHHHHHHHHHHHHHHHHHHHHHHHLHHHHHHHHHHHHHHHHHHHHHHHHHHHHHHHLLHHHHHHHHHHHHHHHHHHHHHHHHHHHHHLL	0.0004	0.4142	5.9793	42.0707	43.7592	24.3014	51.8331	12.3622	0.1314	180.8521	43.7592	43.7592	14	3	8	1	True	9	2	1	0	1	5	43.7592	0	2	1	0	1	[]	[]	0	0	1	4	2	2	4	1	0	0	0	0	0	1	0	0	0	0	0	0	0	4	0	0	4	0	0	0	0	0	1	1	0	0	1	0	False	False	5.0	14.0	0.3636	1	0	-65.26946258544922	-2.634995698928833	2477.0234375	1058.548828125	1418.474609375	14.0	0.2361593842506408	107.0	481.0	0.6630600094795227	-3.501289129257202	0.5967713594436646	-3.4219014644622803	-6.9	False	True	0	[]	[]	False	True	33	[1, 3, 4, 5, 7, 8, 10, 11, 12, 14, 15, 18, 19, 21, 22, 25, 26, 29, 33, 35, 36, 38, 39, 40, 42, 43, 45, 46, 47, 49, 50, 53, 54]	True	753.238	-1645.922	-2399.16	97	2	0	0	1	0	0	0	0
r3	orient_255_pt12_18_pt12_34_a2_t01_s4	9	5	A,B,C,D	A_BCD	/Users/yilanwang/Desktop/pmhc_binder_kras/post_filter/outputs/r3/fastrelax_af3_nomsa/relaxed_pdbs/orient_255_pt12_18_pt12_34_a2_t01_s4_relaxed.pdb	0.92	0.93	0.93	0.02			0.8673	0.8673	0.7393	828.0	9.773	3.841	3.711	A,B,C,D	93.0	9.0	93	93.55	0.0	6.45	87	0	6	LLHHHHHHHHHHHHHHHHHHHHHHHHHHHHHHHLHHHHHHHHHHHHHHHHHHHHHHHHHHHHHHHLLHHHHHHHHHHHHHHHHHHHHHHHHHL	-1.0	-1.0	0.0	9.6168	43.5932	2.6732	28.1037	10.9294	9.1064	102.0226	43.5932	43.5932	6	2	1	1	True	5	3	1	0	1	5	43.5932	1	3	1	0	1	[49]	['R']	0	0	0	0	3	0	1	1	1	0	0	0	0	1	0	0	0	0	0	0	0	0	0	0	1	0	0	0	0	0	0	1	0	0	1	0	True	True	2.0	9.0	0.2857	1	0	-61.12319564819336	-2.812377452850342	2173.36376953125	852.3704833984375	1320.9932861328125	11.0	0.2096246033906936	86.0	477.0	0.567686915397644	-3.4470393657684326	0.633228063583374	-3.4307119846343994	-7.0	False	True	0	[]	[]	False	True	26	[35, 38, 42, 45, 46, 49, 50, 52, 53, 56, 57, 60, 63, 64, 75, 78, 79, 81, 82, 83, 85, 86, 88, 89, 92, 93]	True	821.551	-1636.447	-2457.998	93	1	0	1	0	1	1	1	1
r3	orient_255_pt12_18_pt12_84_a2_t01_s1	9	5	A,B,C,D	A_BCD	/Users/yilanwang/Desktop/pmhc_binder_kras/post_filter/outputs/r3/fastrelax_af3_nomsa/relaxed_pdbs/orient_255_pt12_18_pt12_84_a2_t01_s1_relaxed.pdb	0.93	0.93	0.94	0.02			0.8591	0.8591	0.7626	819.0	9.73	4.081	3.834	A,B,C,D	93.0	9.0	93	92.47	0.0	7.53	86	0	7	LHHHHHHHHHHHHHHHHHHHHHHHHHHHHHHHHLHHHHHHHHHHHHHHHHHHHHHHHHHHHHHLLLLHHHHHHHHHHHHHHHHHHHHHHHHHL	-1.0	-1.0	-1.0	3.2104	38.8218	24.0334	44.9312	19.5933	2.0998	129.6899	38.8218	38.8218	10	8	3	4	True	5	3	3	0	3	5	38.8218	2	3	3	0	3	[45, 49]	['R']	0	0	0	0	3	2	3	2	0	0	0	0	0	3	1	0	0	0	0	0	0	0	0	0	3	0	0	0	0	0	0	3	2	1	2	0	True	True	1.0	7.0	0.3448	1	0	-60.58567428588867	-2.7403194904327393	2210.898193359375	915.8298950195312	1295.068359375	11.0	0.2185263037681579	89.0	477.0	0.6110554933547974	-3.4770312309265137	0.6854883432388306	-3.3906142711639404	-3.0	False	True	0	[]	[]	False	True	27	[35, 38, 39, 42, 43, 45, 46, 49, 50, 53, 54, 56, 57, 60, 64, 75, 78, 79, 80, 81, 82, 83, 85, 86, 89, 92, 93]	True	904.784	-1617.286	-2522.07	93	0	0	2	1	3	2	3	2
r3	orient_255_pt12_2_pt12_18_a2_t01_s6	9	5	A,B,C,D	A_BCD	/Users/yilanwang/Desktop/pmhc_binder_kras/post_filter/outputs/r3/fastrelax_af3_nomsa/relaxed_pdbs/orient_255_pt12_2_pt12_18_a2_t01_s6_relaxed.pdb	0.94	0.94	0.95	0.02			0.9084	0.9084	0.8571	828.0	9.773	3.112	2.941	A,B,C,D	93.0	9.0	93	95.7	0.0	4.3	89	0	4	LHHHHHHHHHHHHHHHHHHHHHHHHHHHHHHHHLHHHHHHHHHHHHHHHHHHHHHHHHHHHHHHHHLHHHHHHHHHHHHHHHHHHHHHHHHHL	-1.0	0.0	0.0155	21.1551	36.6944	9.5229	28.9358	21.3857	2.2078	118.9172	36.6944	36.6944	8	4	3	2	True	5	2	1	0	2	5	36.6944	1	2	1	0	2	[45]	['R']	0	0	0	2	2	1	1	2	0	0	0	0	0	2	0	0	0	0	0	0	0	2	0	0	1	0	0	0	0	0	0	1	1	0	2	0	False	False	5.0	13.0	0.3559	1	0	-60.2624397277832	-2.4592154026031494	2450.47412109375	1068.451416015625	1382.0228271484375	9.0	0.1362961679697036	93.0	477.0	0.5665494203567505	-3.344475746154785	0.595952033996582	-3.342653512954712	-4.0	False	True	0	[]	[]	False	True	27	[38, 39, 42, 43, 45, 46, 49, 50, 53, 56, 57, 60, 61, 64, 74, 75, 78, 79, 81, 82, 83, 85, 86, 89, 90, 92, 93]	True	855.445	-1594.446	-2449.891	93	0	0	1	0	2	1	2	1
r3	orient_255_pt12_31_pt12_28_a1_t01_s4	9	5	A,B,C,D	A_BCD	/Users/yilanwang/Desktop/pmhc_binder_kras/post_filter/outputs/r3/fastrelax_af3_nomsa/relaxed_pdbs/orient_255_pt12_31_pt12_28_a1_t01_s4_relaxed.pdb	0.93	0.94	0.94	0.02			0.8851	0.8851	0.7713	810.0	9.687	3.755	3.33	A,B,C,D	93.0	9.0	93	92.47	0.0	7.53	86	0	7	LHHHHHHHHHHHHHHHHHHHHHHHHHHHHHHHHLHHHHHHHHHHHHHHHHHHHHHHHHHHHHHHHHLLLLHHHHHHHHHHHHHHHHHHHHHHL	-1.0	-1.0	0.0	4.664	45.2451	22.1784	39.7683	14.724	5.4168	129.9967	45.2451	45.2451	6	2	2	0	True	4	2	1	0	0	5	45.2451	1	2	1	0	0	[49]	['K']	0	0	0	0	2	1	2	1	0	0	0	0	0	0	0	0	0	0	0	0	0	0	0	0	2	0	0	0	0	0	0	1	0	0	1	0	True	True	1.0	3.0	0.4483	3	0	-62.60194396972656	-3.0241708755493164	2070.052978515625	865.7942504882812	1204.2587890625	12.0	0.1751862168312072	90.0	477.0	0.5984544157981873	-3.515747547149658	0.6228129863739014	-3.417510747909546	-5.0	False	True	0	[]	[]	False	True	24	[38, 42, 45, 46, 49, 50, 53, 56, 57, 60, 61, 64, 74, 75, 78, 79, 81, 82, 83, 85, 86, 89, 92, 93]	True	927.779	-1633.203	-2560.982	93	1	0	1	0	0	1	0	1
r3	orient_255_pt12_31_pt12_64_a1_t01_s4	9	5	A,B,C,D	A_BCD	/Users/yilanwang/Desktop/pmhc_binder_kras/post_filter/outputs/r3/fastrelax_af3_nomsa/relaxed_pdbs/orient_255_pt12_31_pt12_64_a1_t01_s4_relaxed.pdb	0.93	0.93	0.94	0.02			0.8686	0.8686	0.8144	822.0	9.745	3.903	3.654	A,B,C,D	93.0	9.0	93	92.47	0.0	7.53	86	0	7	LHHHHHHHHHHHHHHHHHHHHHHHHHHHHHHHHLLLLHHHHHHHHHHHHHHHHHHHHHHHHHHHHHLHHHHHHHHHHHHHHHHHHHHHHHHHL	-1.0	0.0	0.0148	20.302	35.0508	36.0426	43.483	14.7058	7.4575	156.0564	35.0508	35.0508	9	5	4	1	True	5	2	2	0	1	5	35.0508	1	2	2	0	1	[49]	['K']	0	0	0	1	2	2	3	1	0	0	0	0	0	1	0	0	0	0	0	0	0	1	0	0	3	0	0	0	0	0	0	2	2	0	1	0	True	True	2.0	6.0	0.2982	2	0	-63.37586975097656	-2.839005470275879	2232.326416015625	1112.6016845703125	1119.724853515625	14.0	0.2668510973453522	98.0	477.0	0.5261877179145813	-3.546794891357422	0.5465364456176758	-3.44224214553833	-7.0	False	True	0	[]	[]	False	True	28	[36, 38, 39, 41, 42, 45, 46, 49, 50, 52, 53, 56, 57, 60, 61, 75, 78, 79, 81, 82, 83, 85, 86, 88, 89, 90, 92, 93]	True	786.387	-1641.949	-2428.336	93	0	0	2	0	1	2	1	1
r3	orient_255_pt12_33_pt12_26_a28_t02_s6	9	5	A,B,C,D	A_BCD	/Users/yilanwang/Desktop/pmhc_binder_kras/post_filter/outputs/r3/fastrelax_af3_nomsa/relaxed_pdbs/orient_255_pt12_33_pt12_26_a28_t02_s6_relaxed.pdb	0.94	0.94	0.95	0.02			0.912	0.912	0.7506	822.0	9.745	3.164	2.9	A,B,C,D	93.0	9.0	93	91.4	0.0	8.6	85	0	8	LHHHHHHHHHHHHHHHHHHHHHHHHHHHHHHHHLHHHHHHHHHHHHHHHHHHHHHHHHHHHHHHHLLLLLHHHHHHHHHHHHHHHHHHHHHHL	-1.0	-1.0	0.0	13.9856	30.7932	17.8106	35.1819	17.3235	1.328	114.4228	30.7932	30.7932	6	4	2	2	True	3	1	1	0	2	5	30.7932	1	1	1	0	2	[45]	['R']	0	0	0	0	1	2	2	1	0	0	0	0	0	2	0	0	0	0	0	0	0	0	0	0	2	0	0	0	0	0	0	1	2	0	1	0	False	False	4.0	11.0	0.2881	2	0	-56.84449005126953	-2.456646203994751	2313.90625	936.8287353515624	1377.0775146484375	9.0	0.1474849134683609	91.0	477.0	0.5683038234710693	-3.3731801509857178	0.548714280128479	-3.3842036724090576	-3.0	False	True	0	[]	[]	False	True	27	[38, 42, 43, 45, 46, 49, 50, 53, 54, 56, 57, 60, 61, 64, 74, 75, 78, 79, 80, 81, 82, 83, 85, 86, 89, 92, 93]	True	829.388	-1614.265	-2443.653	93	1	0	1	0	2	1	2	1
r3	orient_255_pt12_33_pt12_43_a2_t01_s1	9	5	A,B,C,D	A_BCD	/Users/yilanwang/Desktop/pmhc_binder_kras/post_filter/outputs/r3/fastrelax_af3_nomsa/relaxed_pdbs/orient_255_pt12_33_pt12_43_a2_t01_s1_relaxed.pdb	0.92	0.93	0.93	0.02			0.8745	0.8745	0.7667	823.0	9.749	3.766	3.551	A,B,C,D	93.0	9.0	93	94.62	0.0	5.38	88	0	5	LHHHHHHHHLHHHHHHHHHHHHHHHHHHHHHHHLHHHHHHHHHHHHHHHHHHHHHHHHHHHHHHHHHHHHHHHHHHHHHHHHHHHHHHHHHLL	-1.0	-1.0	0.0	5.8062	40.4675	24.2291	38.9639	14.1562	3.3314	124.9542	40.4675	40.4675	8	4	2	2	True	4	3	2	0	2	5	40.4675	2	3	2	0	2	[45, 49]	['R']	0	0	0	0	3	2	2	1	0	0	0	0	0	2	0	0	0	0	0	0	0	0	0	0	2	0	0	0	0	0	0	2	1	0	1	0	True	True	1.0	5.0	0.4407	1	1	-68.861572265625	-3.3116588592529297	2079.3681640625	781.14697265625	1298.2210693359375	10.0	0.1609349399805069	86.0	477.0	0.590684711933136	-3.490971565246582	0.5834336280822754	-3.4203431606292725	-5.0	False	True	0	[]	[]	False	True	27	[42, 45, 46, 49, 50, 52, 53, 54, 56, 57, 59, 60, 63, 64, 74, 75, 78, 79, 81, 82, 83, 84, 85, 86, 89, 92, 93]	True	801.627	-1631.494	-2433.121	93	1	0	2	0	2	2	2	2
r3	orient_255_pt12_33_pt12_43_a2_t01_s2	9	5	A,B,C,D	A_BCD	/Users/yilanwang/Desktop/pmhc_binder_kras/post_filter/outputs/r3/fastrelax_af3_nomsa/relaxed_pdbs/orient_255_pt12_33_pt12_43_a2_t01_s2_relaxed.pdb	0.94	0.94	0.95	0.02			0.9	0.9	0.8306	820.0	9.735	3.382	3.109	A,B,C,D	93.0	9.0	93	95.7	0.0	4.3	89	0	4	LHHHHHHHHHHHHHHHHHHHHHHHHHHHHHHHHLHHHHHHHHHHHHHHHHHHHHHHHHHHHHHHHHLHHHHHHHHHHHHHHHHHHHHHHHHHL	-1.0	-1.0	0.5938	23.4902	51.9225	31.3056	45.3504	16.0657	7.3874	174.1157	51.9225	51.9225	11	6	4	3	True	6	4	3	0	3	5	51.9225	2	4	3	0	3	[45, 49]	['K', 'R']	0	0	0	1	4	2	3	1	0	0	0	0	0	3	0	0	0	0	0	0	0	1	0	0	3	0	0	0	0	0	1	3	1	0	1	0	True	True	1.0	4.0	0.3607	3	1	-63.55962371826172	-2.934555768966675	2165.902587890625	911.8201293945312	1254.08251953125	10.0	0.1454492360353469	85.0	477.0	0.5965350270271301	-3.5161445140838623	0.6756134629249573	-3.400125026702881	-7.0	False	True	0	[]	[]	False	True	29	[38, 42, 45, 46, 49, 50, 52, 53, 54, 56, 57, 60, 61, 64, 74, 75, 78, 79, 80, 81, 82, 83, 85, 86, 88, 89, 90, 92, 93]	True	876.1	-1621.86	-2497.96	93	3	0	2	1	2	2	2	2
r3	orient_255_pt12_33_pt12_56_a4_t01_s4	9	5	A,B,C,D	A_BCD	/Users/yilanwang/Desktop/pmhc_binder_kras/post_filter/outputs/r3/fastrelax_af3_nomsa/relaxed_pdbs/orient_255_pt12_33_pt12_56_a4_t01_s4_relaxed.pdb	0.95	0.95	0.96	0.02			0.9334	0.9334	0.8957	828.0	9.773	2.64	2.447	A,B,C,D	93.0	9.0	93	94.62	0.0	5.38	88	0	5	LHHHHHHHHHHHHHHHHHHHHHHHHHHHHHHHHLHHHHHHHHHHHHHHHHHHHHHHHHHHHHHHHHLHHHHHHHHHHHHHHHHHHHHHHHHLL	-1.0	0.0	0.07	25.2088	49.902	19.5225	42.4712	19.592	4.2921	160.0585	49.902	49.902	10	5	3	1	True	5	4	3	0	1	5	49.902	2	4	3	0	1	[49, 92]	['R']	0	0	0	1	4	2	2	1	0	0	0	0	0	1	0	0	0	0	0	0	0	1	0	0	2	0	0	0	0	0	0	3	1	0	1	0	True	True	3.0	14.0	0.5088	0	0	-78.58506774902344	-3.39231014251709	2316.56494140625	1003.167724609375	1313.397216796875	14.0	0.1972005814313888	93.0	477.0	0.5735099911689758	-3.596947193145752	0.6600631475448608	-3.42159366607666	-7.0	False	True	0	[]	[]	False	True	29	[38, 39, 42, 43, 45, 46, 49, 50, 52, 53, 56, 57, 60, 61, 64, 74, 75, 78, 79, 80, 81, 82, 83, 85, 86, 89, 90, 92, 93]	True	788.245	-1632.098	-2420.343	93	0	0	3	0	1	3	1	2
r3	orient_255_pt12_33_pt12_61_a2_t01_s7	9	5	A,B,C,D	A_BCD	/Users/yilanwang/Desktop/pmhc_binder_kras/post_filter/outputs/r3/fastrelax_af3_nomsa/relaxed_pdbs/orient_255_pt12_33_pt12_61_a2_t01_s7_relaxed.pdb	0.92	0.93	0.94	0.02			0.8653	0.8653	0.7192	815.0	9.711	4.061	3.743	A,B,C,D	93.0	9.0	93	93.55	0.0	6.45	87	0	6	LHHHHHHHHHHHHHHHHHHHHHHHHHHHHHHHHLLLLHHHHHHHHHHHHHHHHHHHHHHHHHHHHHHHHHHHHHHHHHHHHHHHHHHHHHHHL	-1.0	0.0	0.0	14.7633	42.9212	29.0236	49.7367	16.0781	2.1447	153.6677	42.9212	42.9212	10	6	4	0	True	6	3	2	0	0	5	42.9212	1	3	2	0	0	[49]	['K']	0	0	0	1	3	2	3	1	0	0	0	0	0	0	0	0	0	0	0	0	0	1	0	0	3	0	0	0	0	0	0	2	2	1	1	0	True	True	2.0	6.0	0.3509	2	0	-64.01233673095703	-2.843206882476806	2251.4130859375	1114.98583984375	1136.42724609375	13.0	0.1939260363578796	85.0	477.0	0.5814487934112549	-3.5257134437561035	0.5397534370422363	-3.398411989212036	-5.9	False	True	0	[]	[]	False	True	23	[38, 42, 43, 45, 46, 49, 50, 53, 56, 57, 60, 75, 78, 79, 81, 82, 83, 85, 86, 88, 89, 92, 93]	True	867.283	-1621.043	-2488.325	93	0	0	1	1	0	1	0	1
r3	orient_255_pt12_33_pt12_81_a3_t01_s3	9	5	A,B,C,D	A_BCD	/Users/yilanwang/Desktop/pmhc_binder_kras/post_filter/outputs/r3/fastrelax_af3_nomsa/relaxed_pdbs/orient_255_pt12_33_pt12_81_a3_t01_s3_relaxed.pdb	0.94	0.94	0.94	0.02			0.9102	0.9102	0.7833	819.0	9.73	3.361	2.933	A,B,C,D	93.0	9.0	93	84.95	0.0	15.05	79	0	14	LLHHHHHHHHHHHHHHHHHHHHHHHHHHHHHHHLLLLHHHHHHHHHHHHHHHHHHHHHHHHHHHHLLLLLHHHHHHHHHHHHHHHHHHHHLLL	-1.0	-1.0	0.0	21.4231	57.2987	27.796	40.0945	21.3199	3.9676	169.8999	57.2987	57.2987	11	5	3	1	True	7	5	3	0	0	5	57.2987	1	5	3	0	0	[45]	['R']	0	0	0	2	5	2	1	1	0	0	0	0	0	0	1	0	0	0	0	0	0	2	0	0	1	0	0	0	0	0	0	3	1	0	1	0	True	True	1.0	7.0	0.5556	0	0	-57.8271484375	-2.638392686843872	2191.756591796875	852.6017456054688	1339.1549072265625	8.0	0.1079123392701149	94.0	477.0	0.6168270707130432	-3.4286718368530273	0.6481850743293762	-3.3858649730682373	-3.0	False	True	0	[]	[]	False	True	29	[38, 39, 42, 43, 45, 46, 49, 50, 53, 54, 56, 57, 60, 61, 75, 78, 79, 80, 81, 82, 83, 85, 86, 88, 89, 90, 91, 92, 93]	True	771.456	-1615.057	-2386.513	93	1	0	2	1	0	2	0	1
r3	orient_255_pt12_46_pt12_12_a1_t01_s7	9	5	A,B,C,D	A_BCD	/Users/yilanwang/Desktop/pmhc_binder_kras/post_filter/outputs/r3/fastrelax_af3_nomsa/relaxed_pdbs/orient_255_pt12_46_pt12_12_a1_t01_s7_relaxed.pdb	0.93	0.94	0.94	0.02			0.892	0.892	0.7409	828.0	9.773	3.458	3.286	A,B,C,D	93.0	9.0	93	92.47	0.0	7.53	86	0	7	LHHHHHHHHHHHHHHHHHHHHHHHHHHHHHHHHLHHHHHHHHHHHHHHHHHHHHHHHHHHHHHHHLLLHHHHHHHHHHHHHHHHHHHHHHHLL	-1.0	-1.0	0.0	17.3034	32.8462	25.5214	28.7394	22.8356	3.6218	128.8677	32.8462	32.8462	7	5	1	1	True	4	2	2	0	1	5	32.8462	1	2	2	0	1	[90]	['R']	0	0	0	0	2	2	1	2	0	0	0	0	0	1	0	0	0	0	0	0	0	0	0	0	1	0	0	0	0	0	0	2	1	0	2	0	True	True	3.0	7.0	0.4068	0	0	-58.984859466552734	-2.713697910308838	2173.59716796875	789.3178100585938	1384.279296875	8.0	0.1395618915557861	91.0	477.0	0.6434877514839172	-3.611834764480591	0.6205145120620728	-3.428497552871704	-9.0	False	True	0	[]	[]	False	True	28	[35, 38, 39, 42, 43, 45, 46, 49, 50, 53, 56, 57, 60, 61, 75, 78, 79, 80, 81, 82, 83, 85, 86, 88, 89, 90, 92, 93]	True	906.577	-1635.393	-2541.97	93	1	0	2	0	1	2	1	1
r3	orient_255_pt12_46_pt12_82_a2_t01_s8	9	5	A,B,C,D	A_BCD	/Users/yilanwang/Desktop/pmhc_binder_kras/post_filter/outputs/r3/fastrelax_af3_nomsa/relaxed_pdbs/orient_255_pt12_46_pt12_82_a2_t01_s8_relaxed.pdb	0.91	0.93	0.93	0.02			0.8536	0.8536	0.8074	774.0	9.511	4.864	3.834	A,B,C,D	93.0	9.0	93	88.17	0.0	11.83	82	0	11	LHHHHHHHHHHHHHHHHHHHHHHHHHHHHHHHHLLLLHHHHHHHHHHHHHHHHHHHHHHHHHHHHLLLLLHHHHHHHHHHHHHHHHHHHHHHL	0.0002	0.2199	0.4558	22.3371	38.5829	31.509	46.7576	17.0434	3.6237	160.5297	38.5829	38.5829	10	6	4	1	True	6	3	3	0	1	5	38.5829	2	3	3	0	1	[45, 49]	['K', 'R']	0	0	0	1	3	2	3	1	0	0	0	0	0	1	0	0	0	0	0	0	0	1	0	0	3	0	0	0	0	0	0	3	2	0	1	0	True	True	1.0	10.0	0.2414	2	0	-53.40301132202149	-2.298959255218506	2322.921142578125	1059.2755126953125	1263.6456298828125	14.0	0.2570271492004394	92.0	477.0	0.6210581660270691	-3.113924741744995	0.5549830794334412	-3.378277540206909	-5.0	False	True	0	[]	[]	False	True	26	[35, 36, 38, 41, 42, 45, 46, 49, 50, 52, 53, 56, 57, 60, 75, 78, 79, 81, 82, 83, 85, 86, 89, 90, 92, 93]	True	1049.562	-1611.438	-2661.001	93	2	0	3	0	1	3	1	2
r3	orient_255_pt12_46_pt12_82_a3_t01_s2	9	5	A,B,C,D	A_BCD	/Users/yilanwang/Desktop/pmhc_binder_kras/post_filter/outputs/r3/fastrelax_af3_nomsa/relaxed_pdbs/orient_255_pt12_46_pt12_82_a3_t01_s2_relaxed.pdb	0.93	0.94	0.94	0.02			0.88	0.88	0.8283	822.0	9.745	3.686	3.455	A,B,C,D	93.0	9.0	93	88.17	0.0	11.83	82	0	11	LHHHHHHHHHHHHHHHHHHHHHHHHHHHHHHHHLLLLHHHHHHHHHHHHHHHHHHHHHHHHHHHHLLLLLHHHHHHHHHHHHHHHHHHHHHHL	0.0	0.0	0.065	29.9299	50.8884	9.9633	43.8668	13.3944	4.8374	152.9452	50.8884	50.8884	9	6	4	2	True	6	3	3	0	2	5	50.8884	1	3	3	0	2	[49]	['K']	0	0	0	2	3	1	2	1	0	0	0	0	0	2	0	0	0	0	0	0	0	2	0	0	2	0	0	0	0	0	1	3	1	0	1	0	True	True	2.0	9.0	0.2787	2	0	-60.03167724609375	-2.504488468170166	2396.963623046875	1181.9459228515625	1215.0177001953125	17.0	0.2980520129203796	94.0	477.0	0.5635865330696106	-3.4538733959198	0.5310763120651245	-3.39322566986084	-5.9	False	True	0	[]	[]	False	True	27	[36, 38, 41, 42, 45, 46, 49, 50, 52, 53, 56, 57, 60, 61, 75, 78, 79, 81, 82, 83, 85, 86, 88, 89, 90, 92, 93]	True	819.959	-1618.56	-2438.519	93	1	0	2	1	2	2	2	1
r3	orient_255_pt12_70_pt12_2_a2_t01_s6	9	5	A,B,C,D	A_BCD	/Users/yilanwang/Desktop/pmhc_binder_kras/post_filter/outputs/r3/fastrelax_af3_nomsa/relaxed_pdbs/orient_255_pt12_70_pt12_2_a2_t01_s6_relaxed.pdb	0.93	0.94	0.94	0.02			0.8821	0.8821	0.7862	819.0	9.73	3.691	3.413	A,B,C,D	93.0	9.0	93	88.17	0.0	11.83	82	0	11	LHHHHHHHHHHHHHHHHHHHHHHHHHHHHHHHHLLLLHHHHHHHHHHHHHHHHHHHHHHHHHHHHLLLLLHHHHHHHHHHHHHHHHHHHHHHL	-1.0	-1.0	-1.0	0.3784	28.9163	22.4433	45.4174	15.8814	1.7606	111.7975	28.9163	28.9163	7	2	3	1	True	4	2	1	0	1	5	28.9163	1	2	1	0	1	[45]	['R']	0	0	0	0	2	1	3	1	0	0	0	0	0	1	0	0	0	0	0	0	0	0	0	0	3	0	0	0	0	0	0	1	0	0	1	0	True	True	2.0	12.0	0.3793	2	0	-60.18437957763672	-2.552931785583496	2357.46142578125	1055.4803466796875	1301.981201171875	7.0	0.1210659146308898	85.0	477.0	0.5691147446632385	-3.6154415607452393	0.6450555920600891	-3.419440507888794	-3.0	False	True	0	[]	[]	False	True	26	[36, 38, 42, 45, 46, 49, 50, 53, 56, 57, 60, 61, 64, 74, 75, 78, 79, 80, 81, 82, 83, 85, 86, 89, 92, 93]	True	829.154	-1631.069	-2460.224	93	1	0	1	0	1	1	1	1
r3	orient_255_pt12_70_pt12_37_a1_t01_s8	9	5	A,B,C,D	A_BCD	/Users/yilanwang/Desktop/pmhc_binder_kras/post_filter/outputs/r3/fastrelax_af3_nomsa/relaxed_pdbs/orient_255_pt12_70_pt12_37_a1_t01_s8_relaxed.pdb	0.94	0.94	0.95	0.02			0.9242	0.9242	0.7935	829.0	9.778	2.783	2.667	A,B,C,D	93.0	9.0	93	95.7	0.0	4.3	89	0	4	LHHHHHHHHHHHHHHHHHHHHHHHHHHHHHHHHLHHHHHHHHHHHHHHHHHHHHHHHHHHHHHHHHHHHHHHHHHHHHHHHHHHHHHHHHHLL	-1.0	0.0	0.0	17.7684	36.789	27.5721	40.674	15.4818	5.4332	142.7184	36.789	36.789	8	5	3	2	True	5	2	2	0	2	5	36.789	1	2	2	0	2	[45]	['R']	0	0	0	1	2	2	2	1	0	0	0	0	0	2	0	0	0	0	0	0	0	1	0	0	2	0	0	0	0	0	0	2	2	0	1	0	False	False	5.0	13.0	0.3103	1	0	-62.49867630004883	-2.782926082611084	2245.790283203125	927.9746704101562	1317.8155517578125	10.0	0.1556778997182846	95.0	477.0	0.6032238602638245	-3.4423539638519287	0.6302469968795776	-3.4141461849212646	-7.9	False	True	0	[]	[]	False	True	27	[38, 42, 45, 46, 49, 50, 52, 53, 56, 57, 60, 61, 64, 74, 75, 78, 79, 80, 81, 82, 83, 85, 86, 89, 90, 92, 93]	True	875.865	-1628.489	-2504.354	93	1	0	1	1	2	1	2	1
r3	orient_255_pt12_70_pt12_68_a1_t01_s3	9	5	A,B,C,D	A_BCD	/Users/yilanwang/Desktop/pmhc_binder_kras/post_filter/outputs/r3/fastrelax_af3_nomsa/relaxed_pdbs/orient_255_pt12_70_pt12_68_a1_t01_s3_relaxed.pdb	0.91	0.92	0.92	0.02			0.8426	0.8426	0.7144	802.0	9.648	4.596	4.103	A,B,C,D	93.0	9.0	93	92.47	0.0	7.53	86	0	7	LHHHHHHHHHHHHHHHHHHHHHHHHHHHHHHHHLLLLHHHHHHHHHHHHHHHHHHHHHHHHHHHHHHHHLHHHHHHHHHHHHHHHHHHHHHHL	-1.0	0.0	0.0431	29.3162	26.3678	54.2518	45.1461	17.6845	1.5578	173.3673	26.3678	26.3678	8	3	2	1	True	5	1	1	0	1	5	26.3678	0	1	1	0	1	[]	[]	0	0	0	1	1	4	1	1	0	0	0	0	0	1	0	0	0	0	0	0	0	1	0	0	1	0	0	0	0	0	0	1	1	0	1	0	True	True	3.0	6.0	0.3115	1	1	-64.96119689941406	-2.7309491634368896	2378.7041015625	1117.5919189453125	1261.112060546875	13.0	0.2326164692640304	89.0	477.0	0.6302464604377747	-3.4705982208251953	0.6452699303627014	-3.4042441844940186	-7.0	False	True	0	[]	[]	False	True	25	[38, 42, 45, 46, 49, 50, 52, 53, 56, 57, 60, 75, 78, 79, 80, 81, 82, 83, 85, 86, 88, 89, 90, 92, 93]	True	875.934	-1623.824	-2499.759	93	2	0	0	1	0	0	0	0
r3	orient_34_pt12_67_pt12_30_a5_t01_s4	9	5	A,B,C,D	A_BCD	/Users/yilanwang/Desktop/pmhc_binder_kras/post_filter/outputs/r3/fastrelax_af3_nomsa/relaxed_pdbs/orient_34_pt12_67_pt12_30_a5_t01_s4_relaxed.pdb	0.93	0.94	0.94	0.02			0.9049	0.9049	0.7676	819.0	9.73	3.352	3.065	A,B,C,D	93.0	9.0	93	92.47	0.0	7.53	86	0	7	LHHHHHHHHHHHHHHHHHHHHHHHHHHHLLLHHHHHHHHHHHHHHHHHHHHHHHHHHHLHHHHHHHHHHHHHHHHHHHHHHHHHHHHHHHHLL	-1.0	-1.0	-1.0	0.1206	31.0044	10.6416	47.1443	17.5945	2.7702	106.2755	31.0044	31.0044	7	3	3	3	True	4	2	2	0	3	5	31.0044	2	2	2	0	3	[16, 52]	['K', 'R']	0	0	0	0	2	1	3	1	0	0	0	0	0	3	0	0	0	0	0	0	0	0	0	0	3	0	0	0	0	0	0	2	0	0	1	0	True	True	1.0	3.0	0.4035	1	0	-56.7059211730957	-2.814155101776123	2015.024658203125	857.5344848632812	1157.490234375	11.0	0.2284377664327621	80.0	477.0	0.577171266078949	-3.4450104236602783	0.6189104914665222	-3.407071590423584	-3.0	False	True	0	[]	[]	False	True	27	[8, 11, 12, 15, 16, 18, 19, 20, 21, 22, 23, 26, 27, 30, 33, 34, 36, 37, 38, 40, 41, 44, 45, 48, 51, 52, 55]	True	811.714	-1624.608	-2436.322	93	0	0	2	0	3	2	3	2
