design	peptide_len	hotspot_positions	chains	interface	relaxed_pdb	af3_iptm	af3_ptm	af3_ranking_score	af3_fraction_disordered	n_binder_res	ss_helix_pct	ss_sheet_pct	ss_loop_pct	n_helix	n_sheet	n_loop	dssp_string	cms_p1	cms_p2	cms_p3	cms_p4	cms_p5	cms_p6	cms_p7	cms_p8	cms_p9	cms_p10	cms_peptide_total	cms_hotspot_total	cms_hotspot_p1	cms_hotspot_p2	cms_hotspot_p3	cms_hotspot_p4	cms_hotspot_p5	cms_hotspot_p6	cms_hotspot_p7	cms_hotspot_p8	cms_hotspot_p9	n_all_contacts	n_polar_contacts	n_hydrophobic_contacts	n_hbonds	hbond_available	binder_res_in_contact	n_contacts_hotspot_total_all	n_contacts_hotspot_total_polar	n_contacts_hotspot_total_hydro	n_contacts_hotspot_total_hbond	n_saltbridge_hotspot_p5	n_saltbridge_hotspot_p4	n_saltbridge_hotspot_p6	n_saltbridge_hotspot_p7	n_saltbridge_hotspot_p1	n_saltbridge_hotspot_p8	n_saltbridge_hotspot_p9	n_saltbridge_hotspot_p2	n_saltbridge_hotspot_p3	n_contacts_hotspot_p1_all	n_contacts_hotspot_p1_polar	n_contacts_hotspot_p1_hydro	n_contacts_hotspot_p1_hbond	saltbridge_hotspot_p1_binder_resnums	saltbridge_hotspot_p1_binder_aas	n_contacts_hotspot_p2_all	n_contacts_hotspot_p2_polar	n_contacts_hotspot_p2_hydro	n_contacts_hotspot_p2_hbond	saltbridge_hotspot_p2_binder_resnums	saltbridge_hotspot_p2_binder_aas	n_contacts_hotspot_p3_all	n_contacts_hotspot_p3_polar	n_contacts_hotspot_p3_hydro	n_contacts_hotspot_p3_hbond	saltbridge_hotspot_p3_binder_resnums	saltbridge_hotspot_p3_binder_aas	n_contacts_hotspot_p4_all	n_contacts_hotspot_p4_polar	n_contacts_hotspot_p4_hydro	n_contacts_hotspot_p4_hbond	saltbridge_hotspot_p4_binder_resnums	saltbridge_hotspot_p4_binder_aas	n_contacts_hotspot_p5_all	n_contacts_hotspot_p5_polar	n_contacts_hotspot_p5_hydro	n_contacts_hotspot_p5_hbond	saltbridge_hotspot_p5_binder_resnums	saltbridge_hotspot_p5_binder_aas	n_contacts_hotspot_p6_all	n_contacts_hotspot_p6_polar	n_contacts_hotspot_p6_hydro	n_contacts_hotspot_p6_hbond	saltbridge_hotspot_p6_binder_resnums	saltbridge_hotspot_p6_binder_aas	n_contacts_hotspot_p7_all	n_contacts_hotspot_p7_polar	n_contacts_hotspot_p7_hydro	n_contacts_hotspot_p7_hbond	saltbridge_hotspot_p7_binder_resnums	saltbridge_hotspot_p7_binder_aas	n_contacts_hotspot_p8_all	n_contacts_hotspot_p8_polar	n_contacts_hotspot_p8_hydro	n_contacts_hotspot_p8_hbond	saltbridge_hotspot_p8_binder_resnums	saltbridge_hotspot_p8_binder_aas	n_contacts_hotspot_p9_all	n_contacts_hotspot_p9_polar	n_contacts_hotspot_p9_hydro	n_contacts_hotspot_p9_hbond	saltbridge_hotspot_p9_binder_resnums	saltbridge_hotspot_p9_binder_aas	contacts_all_p1	contacts_all_p2	contacts_all_p3	contacts_all_p4	contacts_all_p5	contacts_all_p6	contacts_all_p7	contacts_all_p8	contacts_all_p9	contacts_all_p10	contacts_hbond_p1	contacts_hbond_p2	contacts_hbond_p3	contacts_hbond_p4	contacts_hbond_p5	contacts_hbond_p6	contacts_hbond_p7	contacts_hbond_p8	contacts_hbond_p9	contacts_hbond_p10	contacts_hydro_p1	contacts_hydro_p2	contacts_hydro_p3	contacts_hydro_p4	contacts_hydro_p5	contacts_hydro_p6	contacts_hydro_p7	contacts_hydro_p8	contacts_hydro_p9	contacts_hydro_p10	contacts_polar_p1	contacts_polar_p2	contacts_polar_p3	contacts_polar_p4	contacts_polar_p5	contacts_polar_p6	contacts_polar_p7	contacts_polar_p8	contacts_polar_p9	contacts_polar_p10	buns_pass	pass_all_bindcraft	buns_delta_unsat	delta_unsatHbonds	surface_hydrophobicity	interface_n_K	interface_n_M	dG_separated	dG_separated/dSASAx100	dSASA_int	dSASA_polar	dSASA_hphobic	hbonds_int	hbond_E_fraction	nres_int	nres_all	packstat	per_residue_energy_int	sc_value	complex_normalized	net_charge	flag_charge_redesign	pass_charge	n_cys	cys_resnums	cys_interface_resnums	flag_cys_redesign	pass_cys	n_interface_fixed	interface_fixed_resnums	pass_all	rosetta_score_before	rosetta_score_after	rosetta_score_delta	binder_length	n_met	n_cys_interface
ctnnb1-15	9	5	A,B,C	A_BC	/workspace/designs/validated_stats_out/relaxed_pdbs/ctnnb1-15_relaxed.pdb	0.94	0.94	0.95	0.04	59	86.44	0.0	13.56	51	0	8	LHHHHHHHHHHHHHHHHHHHHHHHLLLLLLHHHHHHHHHHHHHHHHHHHHHHHHHHHHL	-1.0	0.0	0.0	8.0275	74.3508	23.7586	52.428	18.9754	2.1468		178.6871	74.3508					74.3508					12	4	7	3	True	7	5	1	5	1	1.0																																	5.0	1.0	5.0	1.0	[21]	['R']																									0	0	0	0	5	2	4	1	0		0	0	0	0	1	0	2	0	0		0	0	0	0	5	2	0	0	0		0	0	0	0	1	1	1	1	0		True	True	2.0	5.0	0.5	0	0	-66.46145629882812	-3.009669303894043	2208.2646484375	938.0625	1270.2020263671875	11.0	0.1996853500604629	75.0	249.0	0.6358094215393066	-3.667391777038574	0.7273330092430115	-3.394792318344116	-5.9	False	True	0	[]	[]	False	True	21	[10, 13, 14, 17, 20, 21, 23, 24, 25, 27, 34, 38, 41, 42, 45, 46, 48, 49, 52, 53, 56]	True	-115.215	-845.303	-730.088	59	0	0
gp100-3	9	4,5,6,7	A,B,C,D	A_BCD	/workspace/designs/validated_stats_out/relaxed_pdbs/gp100-3_relaxed.pdb	0.95	0.96	0.96	0.02	102	88.24	0.0	11.76	90	0	12	LHHHHHHHHHHHHHHLHHHLLHHHHHHHHHHHHHHHHHHHHHHHHHHLLLLLHHHHHHHHHHHHHHHHLLHHHHHHHHHHHHHHHHHHHHHHHHHHHHHHHL	26.3886	0.0257	0.9252	62.5308	38.7379	26.8017	38.951	35.9443	0.7822		231.0874	167.0214				62.5308	38.7379	26.8017	38.951			12	6	8	2	True	8	9	4	6	1	0.0	0.0	0.0	0.0																								3.0	1.0	3.0	0.0	[]	[]	3.0	1.0	0.0	0.0	[]	[]	2.0	2.0	2.0	1.0	[]	[]	1.0	0.0	1.0	0.0	[]	[]													2	0	0	3	3	2	1	1	0		0	0	0	0	0	1	0	1	0		2	0	0	3	0	2	1	0	0		1	0	0	1	1	2	0	1	0		False	False	6.0	19.0	0.2881	1	1	-76.34561920166016	-2.6202642917633057	2913.660888671875	1292.12890625	1621.531982421875	12.0	0.1806535124778747	121.0	484.0	0.5767733454704285	-3.525376796722412	0.6121910810470581	-3.444723606109619	-10.0	False	True	0	[]	[]	False	True	36	[3, 4, 6, 7, 8, 10, 11, 12, 13, 14, 15, 17, 18, 22, 23, 26, 28, 29, 30, 32, 33, 35, 36, 39, 40, 43, 44, 47, 86, 89, 90, 93, 96, 97, 100, 101]	True	802.171	-1667.08	-2469.25	102	1	0
hiv-10	9	1,8	A,B,C,D	A_BCD	/workspace/designs/validated_stats_out/relaxed_pdbs/hiv-10_relaxed.pdb	0.97	0.97	0.98	0.02	88	87.5	0.0	12.5	77	0	11	LHHHHHHHHHHHHHHHHHHHHHHHHHLLLLLHHHHHHHHHHHHHHHHHHHHHHHHHLLLLHHHHHHHHHHHHHHHHHHHHHHHHHHHL	16.0813	0.0	0.2544	49.5517	46.9021	69.0857	13.4665	50.8728	11.1882		257.4026	66.954	16.0813							50.8728		17	7	7	4	True	11	5	3	0	3					0.0	0.0				1.0	1.0	0.0	1.0	[]	[]																																					4.0	2.0	0.0	2.0	[]	[]							1	0	0	2	3	5	1	4	1		1	0	0	0	0	1	0	2	0		0	0	0	2	3	0	1	0	1		1	0	0	1	0	2	0	2	1		True	True	3.0	4.0	0.2453	0	0	-68.98197937011719	-2.644284725189209	2608.7197265625	985.943603515625	1622.776123046875	15.0	0.305827647447586	101.0	470.0	0.6673719882965088	-3.9696154594421382	0.6979772448539734	-3.480375051498413	-6.8	False	True	0	[]	[]	False	True	31	[5, 6, 8, 9, 12, 13, 15, 16, 17, 19, 20, 23, 24, 27, 29, 30, 31, 35, 38, 39, 41, 42, 43, 45, 46, 48, 49, 50, 52, 53, 56]	True	714.434	-1635.776	-2350.21	88	0	0
hiv-9	9	4,5	A,B,C,D	A_BCD	/workspace/designs/validated_stats_out/relaxed_pdbs/hiv-9_relaxed.pdb	0.96	0.97	0.97	0.02	102	86.27	0.0	13.73	88	0	14	LHHHHHHHHHHHHHHHHHHHHHHLLLLLHHHHHHHHHHHHHHHHHHHHHHLLLHHHHHHHHHHHHHHHHHHHHHHLLLLHHHHHHHHHHHHHHHHHHHHHHL	15.5748	0.0357	0.2338	49.3412	52.6133	70.6791	19.9393	36.3804	1.1914		245.9889	101.9545				49.3412	52.6133					18	8	8	1	True	11	7	2	7	1	0.0	0.0																										3.0	2.0	3.0	1.0	[]	[]	4.0	0.0	4.0	0.0	[]	[]																									1	0	0	3	4	5	1	4	0		0	0	0	1	0	0	0	0	0		0	0	0	3	4	0	1	0	0		1	0	0	2	0	2	0	3	0		True	True	1.0	6.0	0.2982	3	1	-63.00704956054688	-2.978898048400879	2115.112548828125	819.8764038085938	1295.2362060546875	10.0	0.1719324290752411	83.0	484.0	0.6216911673545837	-3.769276380538941	0.6187154054641724	-3.4081547260284424	-6.0	False	True	0	[]	[]	False	True	28	[58, 61, 62, 64, 65, 66, 68, 69, 71, 72, 73, 75, 76, 77, 78, 79, 81, 82, 83, 85, 86, 88, 89, 90, 92, 93, 95, 96]	True	718.448	-1649.547	-2367.994	102	1	0
mage-282	9	5,7,8	A,B,C,D	A_BCD	/workspace/designs/validated_stats_out/relaxed_pdbs/mage-282_relaxed.pdb	0.93	0.94	0.95	0.04	102	82.35	0.0	17.65	84	0	18	LHHHHHHHHHHHHHHHHHHLLHHHHHHHHHHHHHHHHHHHHHHHHHHLLLLLHHHHHHHHHHHHHHHLLLHHHHHHLHHHHHHHHHHHHHHHHHHHLLLLLL	6.6139	0.0023	1.2724	46.7756	60.8758	8.5408	22.4396	52.9558	0.7203		200.1965	136.2712					60.8758		22.4396	52.9558		10	3	8	1	True	8	6	1	5	0	0.0			0.0		0.0																												3.0	0.0	3.0	0.0	[]	[]							1.0	0.0	0.0	0.0	[]	[]	2.0	1.0	2.0	0.0	[]	[]							1	0	0	3	3	0	1	2	0		0	0	0	1	0	0	0	0	0		0	0	0	3	3	0	0	2	0		1	0	0	1	0	0	0	1	0		False	False	5.0	12.0	0.2727	1	0	-70.56694030761719	-2.2611255645751958	3120.87646484375	1099.3236083984375	2021.552734375	10.0	0.1835473179817199	115.0	484.0	0.5697619915008545	-3.3928184509277344	0.5538250803947449	-3.402313709259033	-5.8	False	True	0	[]	[]	False	True	35	[3, 4, 6, 7, 8, 10, 11, 14, 15, 17, 18, 22, 26, 29, 30, 32, 33, 36, 37, 39, 40, 41, 43, 44, 47, 85, 86, 89, 92, 93, 96, 97, 98, 99, 100]	True	915.014	-1646.7	-2561.714	102	0	0
mage-4	9	5,7,8	A,B,C,D	A_BCD	/workspace/designs/validated_stats_out/relaxed_pdbs/mage-4_relaxed.pdb	0.93	0.94	0.94	0.02	106	87.74	0.0	12.26	93	0	13	LHHHHHHHHHHHHHHHHHLLLHHHHHHHHHHHHHHHHHHHHHHHHHHLLLLLHHHHHHHHHHHHHHHLLLHHHHHHHHHHHHHHHHHHHHHHHHHHHHHHHHHHHL	0.5651	0.0	0.0637	21.5833	52.0094	16.094	29.6254	56.2818	8.6021		184.8248	137.9165					52.0094		29.6254	56.2818		13	3	10	0	True	8	9	2	7	0	0.0			0.0		0.0																												3.0	0.0	3.0	0.0	[]	[]							2.0	1.0	0.0	0.0	[]	[]	4.0	1.0	4.0	0.0	[]	[]							0	0	0	2	3	1	2	4	1		0	0	0	0	0	0	0	0	0		0	0	0	2	3	0	0	4	1		0	0	0	0	0	1	1	1	0		True	True	0.0	10.0	0.3607	1	0	-71.84418487548828	-2.39843225479126	2995.46435546875	1133.4644775390625	1861.9998779296875	10.0	0.1587259173393249	112.0	488.0	0.6314417719841003	-3.4410228729248047	0.587669849395752	-3.426888942718506	-8.0	False	True	0	[]	[]	False	True	35	[3, 4, 7, 10, 11, 14, 15, 17, 18, 22, 25, 26, 29, 32, 33, 36, 39, 40, 42, 43, 44, 46, 47, 48, 86, 89, 90, 92, 93, 96, 97, 100, 101, 103, 104]	True	927.923	-1672.322	-2600.245	106	0	0
mage-513	9	5,7,8	A,B,C,D	A_BCD	/workspace/designs/validated_stats_out/relaxed_pdbs/mage-513_relaxed.pdb	0.95	0.96	0.96	0.02	102	87.25	0.0	12.75	89	0	13	LLHHHHHHHHHHHHHHHHHLLHHHHHHHHHHHHHHHHHHHHHHHHHHLLLLLHHHHHHHHHHHHHHHHLLHHHHHHHHHHHHHHHHHHHHHHHHHHHHHHLL	18.1797	0.039	0.7382	51.0628	62.8098	17.8103	14.5404	50.1665	11.7743		227.1211	127.5168					62.8098		14.5404	50.1665		11	3	9	1	True	9	6	1	5	0	0.0			0.0		0.0																												3.0	0.0	3.0	0.0	[]	[]							1.0	1.0	0.0	0.0	[]	[]	2.0	0.0	2.0	0.0	[]	[]							1	0	0	3	3	0	1	2	1		0	0	0	1	0	0	0	0	0		0	0	0	3	3	0	0	2	1		1	0	0	1	0	0	1	0	0		False	False	4.0	10.0	0.3333	0	0	-63.28407669067383	-2.2991390228271484	2752.511962890625	1049.310302734375	1703.20166015625	10.0	0.1865005940198898	109.0	484.0	0.6184719204902649	-3.494478225708008	0.5672850012779236	-3.416776180267334	-5.0	False	True	0	[]	[]	False	True	35	[3, 7, 10, 11, 14, 15, 17, 18, 22, 25, 26, 28, 29, 30, 32, 33, 36, 37, 39, 40, 42, 43, 44, 46, 47, 82, 86, 89, 90, 93, 94, 96, 97, 100, 101]	True	1052.868	-1653.72	-2706.588	102	0	0
mart1-3	10	5,6,7,9	A,B,C	A_BC	/workspace/designs/validated_stats_out/relaxed_pdbs/mart1-3_relaxed.pdb	0.95	0.95	0.97	0.04	102	84.31	0.0	15.69	86	0	16	LHHHHHHHHHHHHHHLLLLLLHHHHHHHHHHHHHHHHHHHHHHHHHHLLLLLHHHHHHHHHHHHHHHHLLHHHHHHHHHHHHHHHHHHHHHHHHHHHHHHLL	12.2705	0.6226	1.7842	39.1877	80.6495	11.891	21.5057	51.8323	31.3807	4.443	255.5671	145.4268					80.6495	11.891	21.5057		31.3807	13	5	7	4	True	7	7	3	5	4	0.0		0.0	0.0			0.0																											4.0	0.0	4.0	0.0	[]	[]	1.0	1.0	0.0	0.0	[]	[]	1.0	1.0	1.0	1.0	[]	[]							1.0	1.0	0.0	3.0	[]	[]	1	0	0	3	4	1	1	2	1	0.0	0	0	0	0	0	0	1	0	3	0.0	0	0	0	0	4	0	1	2	0	0.0	0	0	0	2	0	1	1	0	1	0.0	False	False	6.0	15.0	0.25	0	0	-78.6864242553711	-2.5728952884674072	3058.283203125	1089.34912109375	1968.93408203125	11.0	0.1828012764453888	118.0	292.0	0.5960010886192322	-3.49589204788208	0.6116921901702881	-3.3879165649414062	-8.7	False	True	0	[]	[]	False	True	36	[3, 7, 10, 11, 13, 14, 15, 17, 18, 22, 23, 25, 26, 29, 30, 32, 33, 35, 36, 37, 39, 40, 43, 44, 46, 47, 82, 86, 89, 90, 93, 96, 97, 100, 101, 102]	True	-294.938	-989.027	-694.09	102	0	0
mart1-43	10	1,2,3,4	A,B,C	A_BC	/workspace/designs/validated_stats_out/relaxed_pdbs/mart1-43_relaxed.pdb	0.92	0.94	0.94	0.03	102	88.24	0.0	11.76	90	0	12	LHHHHHHHHHHHHHHHHHHLLHHHHHHHHHHHHHHHHHHHHHHHHHHLLLLLHHHHHHHHHHHHHHHHHHHLLLHHHHHHHHHHHHHHHHHHHHHHHHHHHL	30.8782	0.2896	1.9755	41.5532	78.3609	6.7153	14.6424	63.0763	35.5549	0.7699	273.8162	74.6964	30.8782	0.2896	1.9755	41.5532						12	6	5	3	True	9	5	5	0	3		0.0			2.0			0.0	0.0	2.0	2.0	0.0	3.0	[25, 28]	['R', 'R']	0.0	0.0	0.0	0.0	[]	[]	0.0	0.0	0.0	0.0	[]	[]	3.0	3.0	0.0	0.0	[]	[]																															2	0	0	3	2	0	1	2	2	0.0	3	0	0	0	0	0	0	0	0	0.0	0	0	0	0	2	0	1	2	0	0.0	2	0	0	3	0	0	0	0	1	0.0	False	False	5.0	22.0	0.1964	0	0	-62.01778030395508	-2.185073137283325	2838.247314453125	1275.0938720703125	1563.153564453125	13.0	0.2425316721200943	104.0	292.0	0.637159526348114	-3.451085567474365	0.5911346673965454	-3.4830803871154785	-3.9	False	True	0	[]	[]	False	True	28	[7, 10, 11, 13, 14, 15, 17, 18, 25, 26, 29, 32, 33, 35, 36, 37, 39, 40, 43, 47, 86, 89, 90, 93, 96, 97, 100, 101]	True	-346.083	-1016.991	-670.908	102	0	0
pap-116	9	3,4,5	A,B,C	A_BC	/workspace/designs/validated_stats_out/relaxed_pdbs/pap-116_relaxed.pdb	0.94	0.94	0.96	0.03	82	90.24	0.0	9.76	74	0	8	LHHHHHHHHHHHHHHLHHHLLHHHHHHHHHHHHHHHHHHHHHHHHHHHHHLLLHHHHHHHHHHHHHHHHHHHHHHHHHHHHL	0.3492	0.5169	1.8769	61.1315	46.2529	65.0359	5.6727	28.2218	0.075		209.1328	109.2613			1.8769	61.1315	46.2529					12	4	5	2	True	9	6	1	2	0	0.0	0.0							0.0													0.0	0.0	0.0	0.0	[]	[]	4.0	1.0	0.0	0.0	[]	[]	2.0	0.0	2.0	0.0	[]	[]																									0	0	0	4	2	3	0	3	0		0	0	0	0	0	0	0	2	0		0	0	0	0	2	3	0	0	0		0	0	0	1	0	1	0	2	0		False	False	4.0	14.0	0.4717	0	0	-70.0149917602539	-2.5634827613830566	2731.2451171875	1262.3359375	1468.9090576171875	20.0	0.3156911134719848	105.0	271.0	0.6462748050689697	-3.515324115753174	0.6341657638549805	-3.4425747394561768	-7.0	False	True	0	[]	[]	False	True	27	[3, 7, 10, 11, 14, 17, 18, 29, 30, 33, 36, 37, 40, 41, 43, 44, 47, 55, 56, 59, 60, 62, 63, 66, 67, 69, 70]	True	-293.745	-932.76	-639.015	82	0	0
phox2b-11	9	6	A,B,C,D	A_BCD	/workspace/designs/validated_stats_out/relaxed_pdbs/phox2b-11_relaxed.pdb	0.94	0.95	0.95	0.02	79	86.08	0.0	13.92	68	0	11	LHHHHHHHHHHHHHHHHHHLLLLHHHHHHHHHHHHHHHHHHHHHHHHHHLLLLHHHHHHHHHHHHHHHHHHHHHHHHLL	4.8936	0.0091	0.1664	43.3961	46.6248	76.5417	25.2208	37.6483	0.0237		234.5244	76.5417						76.5417				12	5	5	3	True	6	4	2	0	3			0.0																																					4.0	2.0	0.0	3.0	[]	[]																			0	0	0	3	2	4	1	2	0		0	0	0	0	0	3	0	0	0		0	0	0	3	2	0	0	0	0		0	0	0	2	0	2	0	1	0		True	True	0.0	8.0	0.5283	0	0	-51.50707244873047	-2.454038381576538	2098.869873046875	898.9005126953125	1199.9693603515625	9.0	0.2036971151828766	100.0	461.0	0.614142119884491	-3.331859827041626	0.6212307214736938	-3.308049440383911	-8.0	False	True	0	[]	[]	False	True	26	[28, 31, 32, 35, 36, 38, 39, 40, 42, 43, 46, 54, 57, 58, 60, 61, 62, 64, 65, 68, 69, 71, 72, 75, 76, 79]	True	901.635	-1524.958	-2426.593	79	0	0
phox2b-5	9	6	A,B,C	A_BC	/workspace/designs/validated_stats_out/relaxed_pdbs/phox2b-5_relaxed.pdb	0.96	0.96	0.98	0.03	83	85.54	0.0	14.46	71	0	12	LHHHHHHHHHHHHHHLHHHHHHHHHHHHHHHHHHHHLLLLLHHHHHHHHHHHHHHHHHHHLLLLHHHHHHHHHHHHHHHHHHL	0.8851	0.2835	2.9981	55.0622	74.7165	30.4072	47.3168	41.9144	1.0568		254.6404	30.4072						30.4072				14	3	8	2	True	10	1	1	0	1			0.0																																					1.0	1.0	0.0	1.0	[]	[]																			0	0	0	3	5	1	2	3	0		0	0	0	0	0	1	1	0	0		0	0	0	3	5	0	0	0	0		0	0	0	0	0	1	1	1	0		False	False	4.0	7.0	0.4783	0	0	-74.91404724121094	-3.4031476974487305	2201.316162109375	954.6143798828124	1246.701904296875	13.0	0.2158784866333007	80.0	272.0	0.5685721635818481	-4.230210304260254	0.7198091745376587	-3.5198919773101807	-7.8	False	True	0	[]	[]	False	True	23	[21, 22, 24, 25, 26, 28, 29, 32, 33, 35, 36, 42, 45, 46, 49, 50, 52, 53, 54, 56, 57, 60, 61]	True	-377.552	-957.411	-579.859	83	0	0
prame-2	10	4,6,7,9	A,B,C,D	A_BCD	/workspace/designs/validated_stats_out/relaxed_pdbs/prame-2_relaxed.pdb	0.95	0.95	0.96	0.02	102	88.24	0.0	11.76	90	0	12	LHHHHHHHHHHHHHHHHHHLLHHHHHHHHHHHHHHHHHHHHHHHHHHHLLLLHHHHHHHHHHHHHHHHLLHHHHHHLHHHHHHHHHHHHHHHHHHHHHHHLL	0.1899	0.911	0.0389	57.913	15.3186	50.037	80.3939	12.6109	48.1114	3.2874	268.8121	236.4554				57.913		50.037	80.3939		48.1114	17	5	12	0	True	10	15	4	11	0		0.0	0.0	0.0			0.0																					3.0	0.0	3.0	0.0	[]	[]							4.0	4.0	0.0	0.0	[]	[]	5.0	0.0	5.0	0.0	[]	[]							3.0	0.0	3.0	0.0	[]	[]	0	0	0	3	1	4	5	1	3	0.0	0	0	0	0	0	0	0	0	0	0.0	0	0	0	3	0	0	5	1	3	0.0	0	0	0	0	1	4	0	0	0	0.0	False	False	5.0	14.0	0.2295	1	0	-80.2540512084961	-2.4058539867401123	3335.7822265625	1334.214599609375	2001.5675048828125	13.0	0.1852030456066131	125.0	485.0	0.6718029975891113	-3.739191293716431	0.5647072792053223	-3.496009349822998	-2.8	False	True	0	[]	[]	False	True	39	[7, 10, 11, 14, 15, 17, 18, 19, 22, 23, 25, 26, 29, 32, 33, 36, 37, 39, 40, 41, 43, 44, 46, 47, 48, 78, 82, 85, 86, 88, 89, 90, 92, 93, 94, 96, 97, 100, 101]	True	810.785	-1695.4	-2506.184	102	0	0
prame-9	10	4,6,7,9	A,B,C,D	A_BCD	/workspace/designs/validated_stats_out/relaxed_pdbs/prame-9_relaxed.pdb	0.94	0.95	0.95	0.02	102	89.22	0.0	10.78	91	0	11	LHHHHHHHHHHHHHHHHHHLLHHHHHHHHHHHHHHHHHHHHHHHHHHLLLLLHHHHHHHHHHHHHHHHLLHHHHHHHHHHHHHHHHHHHHHHHHHHHHHHHL	0.1364	0.9368	0.0524	48.1867	12.1677	46.5146	76.3869	5.3907	39.2697	3.5979	232.6399	210.3579				48.1867		46.5146	76.3869		39.2697	14	3	8	0	True	10	13	2	8	0		0.0	0.0	0.0			0.0																					2.0	0.0	2.0	0.0	[]	[]							5.0	2.0	0.0	0.0	[]	[]	4.0	0.0	4.0	0.0	[]	[]							2.0	0.0	2.0	0.0	[]	[]	0	0	0	2	1	5	4	0	2	0.0	0	0	0	0	0	0	0	0	0	0.0	0	0	0	2	0	0	4	0	2	0.0	0	0	0	0	1	2	0	0	0	0.0	False	False	4.0	11.0	0.2857	0	0	-72.24296569824219	-2.4475653171539307	2951.62548828125	1149.3433837890625	1802.2822265625	10.0	0.1435412317514419	121.0	485.0	0.6507510542869568	-3.619294881820679	0.5528860092163086	-3.506448984146118	-4.0	False	True	0	[]	[]	False	True	38	[3, 4, 7, 10, 11, 14, 15, 17, 18, 19, 22, 23, 26, 29, 32, 33, 35, 36, 37, 39, 40, 41, 42, 43, 44, 46, 47, 85, 86, 89, 90, 93, 94, 96, 97, 100, 101, 102]	True	929.303	-1700.628	-2629.931	102	0	0
sars-6	9	4,5	A,B,C,D	A_BCD	/workspace/designs/validated_stats_out/relaxed_pdbs/sars-6_relaxed.pdb	0.95	0.96	0.96	0.02	77	76.62	3.9	19.48	59	3	15	LHHHHHHHHHHHHHHHHHHHHLHHHLEEELHHHHHHHHHLLLLLHHHHHHHHHHLLLLLHHHHHHHHHHHHHHHHHL	0.0068	0.2927	0.0845	99.4382	52.0863	33.857	28.3949	30.511	0.0232		244.6946	151.5246				99.4382	52.0863					15	5	12	0	True	9	9	2	9	0	0.0	1.0																										7.0	2.0	7.0	0.0	[28]	['R']	2.0	0.0	2.0	0.0	[]	[]																									0	0	0	7	2	3	2	1	0		0	0	0	0	0	0	0	0	0		0	0	0	7	2	0	2	1	0		0	0	0	2	0	2	0	1	0		True	True	3.0	7.0	0.25	0	0	-71.80366516113281	-3.16373348236084	2269.58642578125	880.7294311523438	1388.85693359375	10.0	0.1597677171230316	82.0	459.0	0.6394830942153931	-3.796602249145508	0.6237409114837646	-3.4908597469329834	-6.9	False	True	0	[]	[]	False	True	22	[25, 26, 27, 28, 29, 30, 32, 33, 34, 36, 37, 40, 42, 43, 44, 47, 48, 50, 51, 54, 55, 56]	True	990.403	-1602.305	-2592.708	77	0	0
wt1-5	9	1,8	A,B,C,D	A_BCD	/workspace/designs/validated_stats_out/relaxed_pdbs/wt1-5_relaxed.pdb	0.96	0.96	0.97	0.02	85	85.88	0.0	14.12	73	0	12	LLHHHHHHHHHHHHHHHHHHHHHHHHHHHHHHLLLLHHHHHHHHHHHHHHHHHHHHHLLLLLHHHHHHHHHHHHHHHHHHHHHHL	53.9478	0.1279	6.8175	51.9248	45.7173	9.148	9.2086	63.3657	0.07		240.3276	117.3135	53.9478							63.3657		11	6	7	4	True	10	5	5	3	3					0.0	0.0				2.0	2.0	0.0	3.0	[]	[]																																					3.0	3.0	3.0	0.0	[]	[]							2	0	0	3	2	0	1	3	0		3	0	0	1	0	0	0	0	0		0	0	0	3	0	0	1	3	0		2	0	0	1	0	0	0	3	0		True	True	2.0	10.0	0.3036	0	0	-75.3863296508789	-2.5319020748138428	2977.45849609375	1276.3673095703125	1701.0911865234375	15.0	0.2315520942211151	108.0	467.0	0.6239609122276306	-3.7718005180358887	0.6344327926635742	-3.462409019470215	-8.0	False	True	0	[]	[]	False	True	34	[4, 7, 8, 11, 12, 14, 15, 16, 18, 19, 21, 22, 23, 25, 26, 28, 29, 32, 35, 36, 39, 40, 42, 43, 44, 46, 47, 49, 50, 51, 53, 54, 57, 58]	True	843.66	-1616.443	-2460.103	85	0	0
wt1-8	9	1,8	A,B,C,D	A_BCD	/workspace/designs/validated_stats_out/relaxed_pdbs/wt1-8_relaxed.pdb	0.95	0.96	0.96	0.02	86	89.53	0.0	10.47	77	0	9	LHHHHHHHHHHHHHHHHHLHHHHHHHHHHHHHHHHLLHHHHHHHHHHHHHHHHHHHHLLLLHHHHHHHHHHHHHHHHHHHHHHHHL	23.1253	0.4638	11.4695	66.4553	39.5345	13.7352	1.3734	63.5503	12.7934		232.5009	86.6755	23.1253							63.5503		14	6	11	2	True	10	6	3	4	0					0.0	0.0				2.0	2.0	0.0	0.0	[]	[]																																					4.0	1.0	4.0	0.0	[]	[]							2	0	1	4	1	1	0	4	1		0	0	0	0	1	0	0	0	1		0	0	1	4	0	1	0	4	1		2	0	0	0	1	1	0	1	1		True	True	3.0	10.0	0.2885	3	0	-64.23780059814453	-2.5368776321411133	2532.15966796875	1113.88232421875	1418.2774658203125	7.0	0.1441510319709777	95.0	468.0	0.6258057951927185	-3.631951093673706	0.6743083000183105	-3.411818504333496	-9.9	False	True	0	[]	[]	False	True	28	[1, 4, 5, 7, 8, 11, 12, 14, 15, 18, 42, 45, 46, 49, 52, 53, 56, 57, 62, 65, 66, 69, 70, 72, 73, 76, 77, 80]	True	812.798	-1596.777	-2409.576	86	0	0
yfv-2	9	4,7	A,B,C,D	A_BCD	/workspace/designs/validated_stats_out/relaxed_pdbs/yfv-2_relaxed.pdb	0.94	0.95	0.95	0.02	85	82.35	0.0	17.65	70	0	15	LLLLLHHHHHHHHHHHHHHHHHHHHHHHHHHHLLLLHHHHHHHHHHHHHHHHHHHHHLLLLLHHHHHHHHHHHHHHHHHHHHHHL	32.5227	5.6295	5.2823	71.7874	25.4095	29.9974	54.0022	47.4735	4.6135		276.7181	125.7896				71.7874			54.0022			15	6	10	0	True	8	7	2	3	0		0.0		0.0																								4.0	2.0	0.0	0.0	[]	[]													3.0	0.0	3.0	0.0	[]	[]													2	1	0	4	1	2	3	2	0		0	0	0	0	0	0	0	0	0		2	1	0	0	0	2	3	2	0		0	1	0	2	0	1	0	2	0		False	False	8.0	22.0	0.24	1	0	-87.6266098022461	-2.776576519012451	3155.922607421875	1276.265625	1879.656982421875	14.0	0.1989945173263549	116.0	467.0	0.6180706024169922	-3.592325448989868	0.7005646228790283	-3.4280402660369877	-10.8	False	True	0	[]	[]	False	True	35	[1, 2, 4, 5, 7, 8, 11, 12, 14, 15, 18, 19, 21, 22, 23, 25, 26, 28, 29, 32, 33, 35, 36, 38, 39, 42, 43, 45, 46, 47, 49, 50, 53, 54, 57]	True	925.211	-1600.889	-2526.1	85	2	0
